Country,Year,GDP_PerCapita,GDP_2010Prices_Millions
Afghanistan,1995,152.00,6335.00
Afghanistan,2005,242.00,9596.00
Afghanistan,2010,504.00,14744.00
Afghanistan,2015,544.00,18713.00
Afghanistan,2018,496.00,19738.00
Afghanistan,2019,497.00,20510.00
Afghanistan,2020,508.00,20113.00
Albania,1995,769.00,4720.00
Albania,2005,2609.00,8057.00
Albania,2010,4046.00,10420.00
Albania,2015,3939.00,11387.00
Albania,2018,5258.00,12703.00
Albania,2019,5346.00,12971.00
Albania,2020,5181.00,12541.00
Algeria,1995,1459.00,81507.00
Algeria,2005,3113.00,124381.00
Algeria,2010,4481.00,140977.00
Algeria,2015,4178.00,165979.00
Algeria,2018,4154.00,175599.00
Algeria,2019,3976.00,177004.00
Algeria,2020,3368.00,168331.00
Andorra,1995,23359.00,1841.00
Andorra,2005,40065.00,3136.00
Andorra,2010,40812.00,2927.00
Andorra,2015,35748.00,2789.00
Andorra,2018,41794.00,2948.00
Andorra,2019,40901.00,3008.00
Andorra,2020,37072.00,2648.00
Angola,1995,476.00,29857.00
Angola,2005,1902.00,62251.00
Angola,2010,3588.00,93159.00
Angola,2015,4167.00,116194.00
Angola,2018,3290.00,110765.00
Angola,2019,2810.00,110073.00
Angola,2020,1896.00,105625.00
Anguilla,1995,10515.00,170.00
Anguilla,2005,18389.00,299.00
Anguilla,2010,20056.00,313.00
Anguilla,2015,23148.00,331.00
Anguilla,2018,21890.00,327.00
Anguilla,2019,25337.00,345.00
Anguilla,2020,17226.00,242.00
Antigua and Barbuda,1995,8407.00,825.00
Antigua and Barbuda,2005,12459.00,1222.00
Antigua and Barbuda,2010,13049.00,1231.00
Antigua and Barbuda,2015,14286.00,1337.00
Antigua and Barbuda,2018,16679.00,1555.00
Antigua and Barbuda,2019,17376.00,1630.00
Antigua and Barbuda,2020,13993.00,1301.00
Argentina,1995,8031.00,377768.00
Argentina,2005,5158.00,472004.00
Argentina,2010,10429.00,599349.00
Argentina,2015,14971.00,644903.00
Argentina,2018,11668.00,632629.00
Argentina,2019,9947.00,619420.00
Argentina,2020,8476.00,558065.00
Armenia,1995,426.00,3036.00
Armenia,2005,1753.00,7048.00
Armenia,2010,3432.00,8517.00
Armenia,2015,3607.00,10553.00
Armenia,2018,4221.00,11959.00
Armenia,2019,4605.00,12871.00
Armenia,2020,4266.00,11919.00
Aruba,1995,17229.00,2182.00
Aruba,2005,23593.00,2897.00
Aruba,2010,24133.00,2619.00
Aruba,2015,28396.00,2963.00
Aruba,2018,30254.00,3065.00
Aruba,2019,31136.00,3044.00
Aruba,2020,23386.00,2364.00
Australia,1995,21736.00,661848.00
Australia,2005,37710.00,947086.00
Australia,2010,58654.00,1086825.00
Australia,2015,52131.00,1247634.00
Australia,2018,58597.00,1342375.00
Australia,2019,54763.00,1338551.00
Australia,2020,55823.00,1357720.00
Austria,1995,30169.00,268468.00
Austria,2005,38282.00,339519.00
Austria,2010,46599.00,362278.00
Austria,2015,43995.00,381818.00
Austria,2018,51192.00,408170.00
Austria,2019,49694.00,414257.00
Austria,2020,48106.00,386359.00
Azerbaijan,1995,396.00,8616.00
Azerbaijan,2005,1551.00,22443.00
Azerbaijan,2010,5857.00,47989.00
Azerbaijan,2015,5516.00,53076.00
Azerbaijan,2018,4735.00,52302.00
Azerbaijan,2019,4795.00,53600.00
Azerbaijan,2020,4202.00,51289.00
Bahamas,1995,18433.00,8256.00
Bahamas,2005,30278.00,11577.00
Bahamas,2010,28444.00,11443.00
Bahamas,2015,31776.00,11891.00
Bahamas,2018,33290.00,12430.00
Bahamas,2019,33800.00,12517.00
Bahamas,2020,25194.00,10700.00
Bahrain,1995,12040.00,12294.00
Bahrain,2005,17959.00,19867.00
Bahrain,2010,20722.00,26036.00
Bahrain,2015,22634.00,31051.00
Bahrain,2018,23992.00,34112.00
Bahrain,2019,23443.00,34791.00
Bahrain,2020,19925.00,32914.00
Bangladesh,1995,329.00,63504.00
Bangladesh,2005,414.00,106644.00
Bangladesh,2010,776.00,143127.00
Bangladesh,2015,1245.00,194466.00
Bangladesh,2018,1671.00,241045.00
Bangladesh,2019,1846.00,260697.00
Bangladesh,2020,2001.00,274358.00
Barbados,1995,8637.00,3734.00
Barbados,2005,14242.00,4686.00
Barbados,2010,16056.00,4726.00
Barbados,2015,16525.00,4715.00
Barbados,2018,17872.00,4826.00
Barbados,2019,18458.00,4764.00
Barbados,2020,15449.00,3926.00
Belarus,1995,1421.00,19207.00
Belarus,2005,3266.00,37454.00
Belarus,2010,6075.00,53219.00
Belarus,2015,5981.00,56455.00
Belarus,2018,6351.00,58244.00
Belarus,2019,6814.00,59086.00
Belarus,2020,6377.00,58531.00
Belgium,1995,28276.00,317484.00
Belgium,2005,36557.00,402524.00
Belgium,2010,43968.00,433230.00
Belgium,2015,40942.00,462150.00
Belgium,2018,47315.00,484235.00
Belgium,2019,46388.00,494644.00
Belgium,2020,45028.00,466649.00
Belize,1995,2998.00,789.00
Belize,2005,3916.00,1365.00
Belize,2010,4304.00,1537.00
Belize,2015,4805.00,1734.00
Belize,2018,4927.00,1804.00
Belize,2019,4983.00,1840.00
Belize,2020,3988.00,1531.00
Benin,1995,397.00,3460.00
Benin,2005,602.00,5359.00
Benin,2010,758.00,6470.00
Benin,2015,1076.00,11380.00
Benin,2018,1242.00,13259.00
Benin,2019,1220.00,14169.00
Benin,2020,1254.00,14452.00
Bermuda,1995,40301.00,4859.00
Bermuda,2005,73474.00,6641.00
Bermuda,2010,101462.00,7544.00
Bermuda,2015,104480.00,6655.00
Bermuda,2018,115118.00,6820.00
Bermuda,2019,119734.00,6851.00
Bermuda,2020,123945.00,6902.00
Bhutan,1995,541.00,483.00
Bhutan,2005,1228.00,992.00
Bhutan,2010,2258.00,1532.00
Bhutan,2015,2753.00,2004.00
Bhutan,2018,3244.00,2336.00
Bhutan,2019,3316.00,2464.00
Bhutan,2020,3218.00,2444.00
Bolivia,1995,881.00,14637.00
Bolivia,2005,1034.00,20184.00
Bolivia,2010,1955.00,25267.00
Bolivia,2015,3036.00,33000.00
Bolivia,2018,3549.00,37365.00
Bolivia,2019,3552.00,38193.00
Bolivia,2020,3133.00,34821.00
Bosnia and Herzegovina,1995,519.00,3764.00
Bosnia and Herzegovina,2005,2981.00,13178.00
Bosnia and Herzegovina,2010,4635.00,15170.00
Bosnia and Herzegovina,2015,4727.00,16212.00
Bosnia and Herzegovina,2018,6072.00,17898.00
Bosnia and Herzegovina,2019,6120.00,18405.00
Bosnia and Herzegovina,2020,6035.00,17610.00
Botswana,1995,3220.00,5938.00
Botswana,2005,5520.00,9137.00
Botswana,2010,6435.00,11420.00
Botswana,2015,6800.00,14421.00
Botswana,2018,8280.00,16171.00
Botswana,2019,7971.00,16661.00
Botswana,2020,6711.00,15346.00
Brazil,1995,4802.00,1080249.00
Brazil,2005,4790.00,1368459.00
Brazil,2010,11286.00,1703150.00
Brazil,2015,8814.00,1802212.00
Brazil,2018,9151.00,1797737.00
Brazil,2019,8936.00,1823105.00
Brazil,2020,6797.00,1749105.00
British Virgin Islands,1995,23475.00,734.00
British Virgin Islands,2005,42997.00,1204.00
British Virgin Islands,2010,40085.00,1251.00
British Virgin Islands,2015,43878.00,1279.00
British Virgin Islands,2018,46368.00,1359.00
British Virgin Islands,2019,47914.00,1382.00
British Virgin Islands,2020,49357.00,1406.00
Brunei Darussalam,1995,17655.00,10623.00
Brunei Darussalam,2005,28926.00,12575.00
Brunei Darussalam,2010,35269.00,12995.00
Brunei Darussalam,2015,31164.00,12930.00
Brunei Darussalam,2018,31627.00,12784.00
Brunei Darussalam,2019,31086.00,13279.00
Brunei Darussalam,2020,27437.00,13427.00
Bulgaria,1995,2267.00,33807.00
Bulgaria,2005,3886.00,40064.00
Bulgaria,2010,6826.00,47538.00
Bulgaria,2015,7053.00,50782.00
Bulgaria,2018,9411.00,55215.00
Bulgaria,2019,9845.00,57444.00
Bulgaria,2020,10058.00,54924.00
Burkina Faso,1995,268.00,3723.00
Burkina Faso,2005,458.00,6950.00
Burkina Faso,2010,647.00,9082.00
Burkina Faso,2015,653.00,11823.00
Burkina Faso,2018,813.00,14200.00
Burkina Faso,2019,787.00,15010.00
Burkina Faso,2020,831.00,15313.00
Burundi,1995,167.00,1827.00
Burundi,2005,152.00,1905.00
Burundi,2010,234.00,2376.00
Burundi,2015,277.00,2811.00
Burundi,2018,297.00,3171.00
Burundi,2019,292.00,3313.00
Burundi,2020,286.00,3278.00
Cabo Verde,1995,1444.00,597.00
Cabo Verde,2005,2387.00,1160.00
Cabo Verde,2010,3378.00,1483.00
Cabo Verde,2015,3042.00,1596.00
Cabo Verde,2018,3616.00,1812.00
Cabo Verde,2019,3604.00,1914.00
Cabo Verde,2020,3064.00,1631.00
Cambodia,1995,311.00,4185.00
Cambodia,2005,474.00,9237.00
Cambodia,2010,786.00,12760.00
Cambodia,2015,1163.00,18050.00
Cambodia,2018,1512.00,22180.00
Cambodia,2019,1644.00,23744.00
Cambodia,2020,1513.00,22999.00
Cameroon,1995,709.00,13204.00
Cameroon,2005,1012.00,20281.00
Cameroon,2010,1285.00,24077.00
Cameroon,2015,1326.00,30905.00
Cameroon,2018,1534.00,34850.00
Cameroon,2019,1507.00,36147.00
Cameroon,2020,1502.00,35590.00
Canada,1995,20777.00,955380.00
Canada,2005,36474.00,1321333.00
Canada,2010,47361.00,1399168.00
Canada,2015,43194.00,1556129.00
Canada,2018,46444.00,1658836.00
Canada,2019,46550.00,1689714.00
Canada,2020,43560.00,1599940.00
Cayman Islands,1995,53127.00,2665.00
Cayman Islands,2005,81399.00,4502.00
Cayman Islands,2010,75461.00,4370.00
Cayman Islands,2015,77518.00,4785.00
Cayman Islands,2018,86054.00,5311.00
Cayman Islands,2019,91389.00,5514.00
Cayman Islands,2020,95191.00,5704.00
Central African Republic,1995,362.00,1788.00
Central African Republic,2005,350.00,1938.00
Central African Republic,2010,488.00,2331.00
Central African Republic,2015,377.00,1695.00
Central African Republic,2018,476.00,1926.00
Central African Republic,2019,468.00,1983.00
Central African Republic,2020,481.00,2002.00
Chad,1995,234.00,2779.00
Chad,2005,662.00,6331.00
Chad,2010,918.00,9323.00
Chad,2015,828.00,11690.00
Chad,2018,735.00,10926.00
Chad,2019,707.00,11249.00
Chad,2020,679.00,11157.00
Chile,1995,5222.00,109700.00
Chile,2005,7599.00,167485.00
Chile,2010,12808.00,201494.00
Chile,2015,13574.00,243919.00
Chile,2018,15888.00,260354.00
Chile,2019,14742.00,262807.00
Chile,2020,13232.00,247639.00
China,1995,592.00,1831413.00
China,2005,1718.00,4420545.00
China,2010,4447.00,7554111.00
China,2015,7863.00,11061570.00
China,2018,9733.00,13493439.00
China,2019,9960.00,14296365.00
China,2020,10229.00,14631982.00
"China, Macao SAR",1995,18277.00,13978.00
"China, Macao SAR",2005,25184.00,23417.00
"China, Macao SAR",2010,52473.00,39823.00
"China, Macao SAR",2015,74841.00,45060.00
"China, Macao SAR",2018,87554.00,52407.00
"China, Macao SAR",2019,86118.00,51029.00
"China, Macao SAR",2020,37474.00,22296.00
Colombia,1995,3009.00,150181.00
Colombia,2005,3414.00,187774.00
Colombia,2010,6337.00,233471.00
Colombia,2015,6176.00,293482.00
Colombia,2018,6730.00,311468.00
Colombia,2019,6425.00,321688.00
Colombia,2020,5333.00,299661.00
Comoros,1995,1016.00,612.00
Comoros,2005,1287.00,743.00
Comoros,2010,1315.00,743.00
Comoros,2015,1242.00,966.00
Comoros,2018,1428.00,1091.00
Comoros,2019,1402.00,1130.00
Comoros,2020,1421.00,1174.00
"Congo, Dem. Rep.",1995,215.00,20182.00
"Congo, Dem. Rep.",2005,218.00,19924.00
"Congo, Dem. Rep.",2010,334.00,26094.00
"Congo, Dem. Rep.",2015,497.00,37918.00
"Congo, Dem. Rep.",2018,561.00,42594.00
"Congo, Dem. Rep.",2019,545.00,44488.00
"Congo, Dem. Rep.",2020,506.00,45260.00
"Congo, Rep.",1995,815.00,5425.00
"Congo, Rep.",2005,1753.00,7458.00
"Congo, Rep.",2010,3200.00,10272.00
"Congo, Rep.",2015,2420.00,11751.00
"Congo, Rep.",2018,2548.00,9440.00
"Congo, Rep.",2019,2328.00,9399.00
"Congo, Rep.",2020,1830.00,8631.00
Cook Islands,1995,6052.00,207.00
Cook Islands,2005,10443.00,265.00
Cook Islands,2010,13093.00,266.00
Cook Islands,2015,17183.00,302.00
Cook Islands,2018,20705.00,367.00
Cook Islands,2019,20333.00,384.00
Cook Islands,2020,16135.00,287.00
Costa Rica,1995,3264.00,24537.00
Costa Rica,2005,4677.00,36882.00
Costa Rica,2010,8227.00,46858.00
Costa Rica,2015,11643.00,56442.00
Costa Rica,2018,12469.00,62520.00
Costa Rica,2019,12670.00,63875.00
Costa Rica,2020,12077.00,60975.00
Cote d’Ivoire,1995,782.00,18367.00
Cote d’Ivoire,2005,931.00,21747.00
Cote d’Ivoire,2010,1279.00,25614.00
Cote d’Ivoire,2015,1971.00,45780.00
Cote d’Ivoire,2018,2314.00,56308.00
Cote d’Ivoire,2019,2276.00,59817.00
Cote d’Ivoire,2020,2318.00,61011.00
Croatia,1995,4921.00,33558.00
Croatia,2005,10457.00,49135.00
Croatia,2010,13961.00,50467.00
Croatia,2015,11851.00,50163.00
Croatia,2018,14976.00,55266.00
Croatia,2019,15071.00,57190.00
Croatia,2020,13934.00,52558.00
Cuba,1995,2795.00,36619.00
Cuba,2005,3787.00,58415.00
Cuba,2010,5730.00,75943.00
Cuba,2015,7700.00,87206.00
Cuba,2018,8824.00,91246.00
Cuba,2019,9126.00,91096.00
Cuba,2020,9478.00,81122.00
Curaçao,2005,18018.00,3012.00
Curaçao,2010,19782.00,3191.00
Curaçao,2015,19718.00,3152.00
Curaçao,2018,19219.00,3003.00
Curaçao,2019,18980.00,2902.00
Curaçao,2020,15819.00,2367.00
Cyprus,1995,15265.00,12656.00
Cyprus,2005,25311.00,18921.00
Cyprus,2010,30993.00,21573.00
Cyprus,2015,23398.00,19835.00
Cyprus,2018,29618.00,23623.00
Cyprus,2019,29659.00,24871.00
Cyprus,2020,28133.00,23570.00
Czechia,1995,5807.00,115863.00
Czechia,2005,13369.00,152948.00
Czechia,2010,19842.00,172890.00
Czechia,2015,17737.00,188033.00
Czechia,2018,23341.00,209255.00
Czechia,2019,23622.00,215595.00
Czechia,2020,22911.00,203104.00
Denmark,1995,35356.00,226659.00
Denmark,2005,48779.00,280921.00
Denmark,2010,57967.00,283894.00
Denmark,2015,53206.00,302673.00
Denmark,2018,62036.00,327708.00
Denmark,2019,60216.00,334638.00
Denmark,2020,61477.00,327738.00
Djibouti,1995,808.00,764.00
Djibouti,2005,905.00,927.00
Djibouti,2010,1480.00,1466.00
Djibouti,2015,2676.00,2445.00
Djibouti,2018,3049.00,2980.00
Djibouti,2019,3252.00,3176.00
Djibouti,2020,3465.00,3213.00
Dominica,1995,3861.00,381.00
Dominica,2005,5160.00,458.00
Dominica,2010,6967.00,543.00
Dominica,2015,7596.00,541.00
Dominica,2018,7745.00,537.00
Dominica,2019,8516.00,567.00
Dominica,2020,7038.00,476.00
Dominican Republic,1995,2014.00,24871.00
Dominican Republic,2005,3903.00,41291.00
Dominican Republic,2010,5483.00,55952.00
Dominican Republic,2015,6921.00,71155.00
Dominican Republic,2018,8051.00,84982.00
Dominican Republic,2019,8282.00,89275.00
Dominican Republic,2020,7268.00,83276.00
Ecuador,1995,2132.00,50574.00
Ecuador,2005,3002.00,67646.00
Ecuador,2010,4634.00,79915.00
Ecuador,2015,6124.00,99290.00
Ecuador,2018,6296.00,101690.00
Ecuador,2019,6223.00,101702.00
Ecuador,2020,5600.00,93820.00
Egypt,1995,1055.00,133364.00
Egypt,2005,1251.00,206215.00
Egypt,2010,2593.00,278268.00
Egypt,2015,3437.00,317745.00
Egypt,2018,2538.00,363775.00
Egypt,2019,3161.00,383992.00
Egypt,2020,3609.00,397700.00
El Salvador,1995,1585.00,15981.00
El Salvador,2005,2429.00,19004.00
El Salvador,2010,2983.00,20624.00
El Salvador,2015,3706.00,23438.00
El Salvador,2018,4053.00,25168.00
El Salvador,2019,4168.00,25831.00
El Salvador,2020,3799.00,23780.00
Equatorial Guinea,1995,433.00,741.00
Equatorial Guinea,2005,11367.00,9888.00
Equatorial Guinea,2010,17272.00,13051.00
Equatorial Guinea,2015,11275.00,13176.00
Equatorial Guinea,2018,10006.00,10626.00
Equatorial Guinea,2019,8420.00,9991.00
Equatorial Guinea,2020,7143.00,9502.00
Eritrea,1995,290.00,1406.00
Eritrea,2005,389.00,1678.00
Eritrea,2010,501.00,1689.00
Eritrea,2015,602.00,2013.00
Eritrea,2018,581.00,2199.00
Eritrea,2019,567.00,2283.00
Eritrea,2020,588.00,2269.00
Estonia,1995,3123.00,10250.00
Estonia,2005,10404.00,19814.00
Estonia,2010,14665.00,19413.00
Estonia,2015,17396.00,22882.00
Estonia,2018,23047.00,26003.00
Estonia,2019,23419.00,27068.00
Estonia,2020,23106.00,26269.00
Eswatini,1995,2052.00,2217.00
Eswatini,2005,3084.00,2989.00
Eswatini,2010,4168.00,3516.00
Eswatini,2015,3676.00,4059.00
Eswatini,2018,4106.00,4286.00
Eswatini,2019,3894.00,4382.00
Eswatini,2020,3306.00,4137.00
Ethiopia,1995,133.00,13323.00
Ethiopia,2005,159.00,22745.00
Ethiopia,2010,300.00,38120.00
Ethiopia,2015,626.00,63079.00
Ethiopia,2018,734.00,79405.00
Ethiopia,2019,826.00,86046.00
Ethiopia,2020,840.00,91258.00
Fiji,1995,2571.00,2996.00
Fiji,2005,3628.00,3751.00
Fiji,2010,3653.00,3883.00
Fiji,2015,5391.00,4682.00
Fiji,2018,6317.00,5238.00
Fiji,2019,6176.00,5215.00
Fiji,2020,5013.00,4395.00
Finland,1995,26213.00,152727.00
Finland,2005,38944.00,223030.00
Finland,2010,46439.00,233553.00
Finland,2015,42772.00,234440.00
Finland,2018,49925.00,251566.00
Finland,2019,48585.00,254947.00
Finland,2020,48685.00,247628.00
France,1995,26904.00,1770422.00
France,2005,34807.00,2223897.00
France,2010,40685.00,2316636.00
France,2015,36612.00,2438208.00
France,2018,41538.00,2568425.00
France,2019,40517.00,2615760.00
France,2020,38959.00,2410286.00
French Polynesia,1995,20271.00,4370.00
French Polynesia,2005,22037.00,5619.00
French Polynesia,2010,22821.00,5386.00
French Polynesia,2015,19492.00,5324.00
French Polynesia,2018,22679.00,5866.00
French Polynesia,2019,22078.00,6040.00
French Polynesia,2020,20707.00,5581.00
Gabon,1995,5087.00,10024.00
Gabon,2005,6889.00,10471.00
Gabon,2010,8841.00,11139.00
Gabon,2015,7379.00,14372.00
Gabon,2018,7959.00,14866.00
Gabon,2019,7767.00,15453.00
Gabon,2020,6789.00,15335.00
Gambia,1995,1157.00,770.00
Gambia,2005,666.00,1098.00
Gambia,2010,861.00,1351.00
Gambia,2015,661.00,1378.00
Gambia,2018,733.00,1579.00
Gambia,2019,769.00,1746.00
Gambia,2020,757.00,1638.00
Georgia,1995,571.00,4807.00
Georgia,2005,1602.00,9089.00
Georgia,2010,2987.00,11739.00
Georgia,2015,3716.00,14954.00
Georgia,2018,4397.00,16915.00
Georgia,2019,4373.00,17758.00
Georgia,2020,3984.00,16664.00
Germany,1995,31867.00,2582288.00
Germany,2005,34873.00,2910863.00
Germany,2010,42020.00,3086730.00
Germany,2015,41036.00,3356236.00
Germany,2018,47847.00,3561302.00
Germany,2019,46557.00,3598892.00
Germany,2020,45909.00,3434436.00
Ghana,1995,806.00,16399.00
Ghana,2005,1044.00,26260.00
Ghana,2010,1719.00,35375.00
Ghana,2015,1797.00,50034.00
Ghana,2018,2260.00,59394.00
Ghana,2019,2247.00,63259.00
Ghana,2020,2206.00,63521.00
Greece,1995,12739.00,168366.00
Greece,2005,22074.00,243662.00
Greece,2010,27264.00,239684.00
Greece,2015,18350.00,195605.00
Greece,2018,20152.00,200061.00
Greece,2019,19587.00,203669.00
Greece,2020,18117.00,185300.00
Greenland,1995,23671.00,1545.00
Greenland,2005,32481.00,2088.00
Greenland,2010,44196.00,2458.00
Greenland,2015,44329.00,2499.00
Greenland,2018,53752.00,2666.00
Greenland,2019,52623.00,2711.00
Greenland,2020,55139.00,2743.00
Grenada,1995,2774.00,522.00
Grenada,2005,6644.00,896.00
Grenada,2010,7258.00,856.00
Grenada,2015,9097.00,997.00
Grenada,2018,10466.00,1127.00
Grenada,2019,10834.00,1135.00
Grenada,2020,9273.00,979.00
Guatemala,1995,1235.00,30508.00
Guatemala,2005,2045.00,42984.00
Guatemala,2010,2781.00,51428.00
Guatemala,2015,3826.00,62186.00
Guatemala,2018,4245.00,68004.00
Guatemala,2019,4381.00,70634.00
Guatemala,2020,4332.00,69561.00
Guinea,1995,724.00,4225.00
Guinea,2005,446.00,6113.00
Guinea,2010,672.00,7025.00
Guinea,2015,769.00,8794.00
Guinea,2018,955.00,11433.00
Guinea,2019,1058.00,12079.00
Guinea,2020,1179.00,12935.00
Guinea-Bissau,1995,735.00,676.00
Guinea-Bissau,2005,436.00,756.00
Guinea-Bissau,2010,558.00,891.00
Guinea-Bissau,2015,603.00,1047.00
Guinea-Bissau,2018,738.00,1219.00
Guinea-Bissau,2019,688.00,1273.00
Guinea-Bissau,2020,668.00,1256.00
Guyana,1995,1302.00,1522.00
Guyana,2005,2651.00,2713.00
Guyana,2010,4581.00,3641.00
Guyana,2015,5577.00,4280.00
Guyana,2018,6146.00,4813.00
Guyana,2019,6610.00,5071.00
Guyana,2020,6956.00,7276.00
Haiti,1995,489.00,7339.00
Haiti,2005,759.00,10932.00
Haiti,2010,1187.00,12306.00
Haiti,2015,1330.00,14228.00
Haiti,2018,1422.00,15170.00
Haiti,2019,1244.00,14915.00
Haiti,2020,1360.00,14416.00
Honduras,1995,828.00,10138.00
Honduras,2005,1308.00,14776.00
Honduras,2010,1904.00,17639.00
Honduras,2015,2302.00,20980.00
Honduras,2018,2510.00,23731.00
Honduras,2019,2574.00,24360.00
Honduras,2020,2406.00,22177.00
Hong Kong,1995,23775.00,157720.00
Hong Kong,2005,26821.00,220757.00
Hong Kong,2010,32821.00,267552.00
Hong Kong,2015,43054.00,309386.00
Hong Kong,2018,49065.00,337420.00
Hong Kong,2019,49180.00,333204.00
Hong Kong,2020,46611.00,312739.00
Hungary,1995,4487.00,79306.00
Hungary,2005,11227.00,113812.00
Hungary,2010,13320.00,113135.00
Hungary,2015,12805.00,125210.00
Hungary,2018,16543.00,140567.00
Hungary,2019,16885.00,146969.00
Hungary,2020,16129.00,140097.00
Iceland,1995,26618.00,9144.00
Iceland,2005,57133.00,14496.00
Iceland,2010,42928.00,15328.00
Iceland,2015,53043.00,17517.00
Iceland,2018,78010.00,20352.00
Iceland,2019,73320.00,20847.00
Iceland,2020,63644.00,19491.00
India,1995,386.00,608291.00
India,2005,718.00,1116782.00
India,2010,1353.00,1567418.00
India,2015,1639.00,2146759.00
India,2018,2041.00,2644070.00
India,2019,2115.00,2750932.00
India,2020,1931.00,2551441.00
Indonesia,1995,1196.00,380896.00
Indonesia,2005,1345.00,497632.00
Indonesia,2010,3122.00,657835.00
Indonesia,2015,3332.00,860854.00
Indonesia,2018,3894.00,999179.00
Indonesia,2019,4135.00,1049319.00
Indonesia,2020,3870.00,1027603.00
Iran,1995,1861.00,205321.00
Iran,2005,3281.00,319309.00
Iran,2010,7101.00,409922.00
Iran,2015,5315.00,417210.00
Iran,2018,6435.00,455996.00
Iran,2019,7883.00,425061.00
Iran,2020,11183.00,439463.00
Iraq,1995,241.00,32111.00
Iraq,2005,1856.00,94053.00
Iraq,2010,4657.00,120516.00
Iraq,2015,4688.00,166774.00
Iraq,2018,5916.00,191222.00
Iraq,2019,5981.00,202614.00
Iraq,2020,4146.00,170858.00
Ireland,1995,19248.00,101003.00
Ireland,2005,51143.00,205341.00
Ireland,2010,48670.00,209373.00
Ireland,2015,62648.00,291463.00
Ireland,2018,79906.00,353262.00
Ireland,2019,81746.00,370632.00
Ireland,2020,86251.00,392377.00
Israel,1995,19085.00,139625.00
Israel,2005,21848.00,199653.00
Israel,2010,31941.00,247803.00
Israel,2015,37611.00,300078.00
Israel,2018,44579.00,340224.00
Israel,2019,46709.00,353063.00
Israel,2020,47034.00,345460.00
Italy,1995,20546.00,1662885.00
Italy,2005,31871.00,1927161.00
Italy,2010,35972.00,1899562.00
Italy,2015,30306.00,1835899.00
Italy,2018,34505.00,1908166.00
Italy,2019,33185.00,1915995.00
Italy,2020,31238.00,1744732.00
Jamaica,1995,2596.00,13067.00
Jamaica,2005,4104.00,14086.00
Jamaica,2010,4704.00,13748.00
Jamaica,2015,4911.00,14198.00
Jamaica,2018,5360.00,14811.00
Jamaica,2019,5369.00,14943.00
Jamaica,2020,4665.00,13419.00
Japan,1995,43885.00,3785636.00
Japan,2005,37650.00,4229101.00
Japan,2010,44803.00,4218908.00
Japan,2015,34730.00,4444931.00
Japan,2018,39598.00,4578914.00
Japan,2019,40586.00,4591291.00
Japan,2020,39990.00,4380757.00
Jordan,1995,1513.00,15697.00
Jordan,2005,2252.00,25033.00
Jordan,2010,3737.00,33724.00
Jordan,2015,4164.00,38587.00
Jordan,2018,4308.00,40955.00
Jordan,2019,4405.00,41755.00
Jordan,2020,4283.00,41108.00
Kazakhstan,1995,1298.00,58532.00
Kazakhstan,2005,3709.00,108382.00
Kazakhstan,2010,9109.00,146559.00
Kazakhstan,2015,10493.00,184388.00
Kazakhstan,2018,9790.00,202016.00
Kazakhstan,2019,9793.00,211107.00
Kazakhstan,2020,9111.00,205829.00
Kenya,1995,530.00,31528.00
Kenya,2005,643.00,42024.00
Kenya,2010,1043.00,53589.00
Kenya,2015,1465.00,70120.00
Kenya,2018,1794.00,80134.00
Kenya,2019,1913.00,84125.00
Kenya,2020,1879.00,83859.00
Kiribati,1995,895.00,126.00
Kiribati,2005,1215.00,141.00
Kiribati,2010,1509.00,141.00
Kiribati,2015,1535.00,170.00
Kiribati,2018,1694.00,178.00
Kiribati,2019,1513.00,177.00
Kiribati,2020,1515.00,176.00
Korea,1995,222.00,14702.00
Korea,1995,12509.00,604638.00
Korea,2005,548.00,15882.00
Korea,2005,19197.00,1021193.00
Korea,2010,571.00,15794.00
Korea,2010,23091.00,1261202.00
Korea,2015,650.00,16283.00
Korea,2015,28841.00,1465773.00
Korea,2018,688.00,15646.00
Korea,2018,33705.00,1601904.00
Korea,2019,640.00,15702.00
Korea,2019,32235.00,1637850.00
Korea,2020,618.00,14990.00
Korea,2020,31947.00,1623895.00
Kosovo,1995,2351.00,3887.00
Kosovo,2005,2051.00,4089.00
Kosovo,2010,3141.00,5047.00
Kosovo,2015,3533.00,6293.00
Kosovo,2018,4417.00,7202.00
Kosovo,2019,4443.00,7544.00
Kosovo,2020,4368.00,7142.00
Kuwait,1995,16535.00,54453.00
Kuwait,2005,35591.00,90480.00
Kuwait,2010,38576.00,95861.00
Kuwait,2015,29874.00,114585.00
Kuwait,2018,33404.00,115116.00
Kuwait,2019,32372.00,114481.00
Kuwait,2020,24809.00,104343.00
Kyrgyzstan,1995,327.00,2678.00
Kyrgyzstan,2005,485.00,4237.00
Kyrgyzstan,2010,884.00,5263.00
Kyrgyzstan,2015,1121.00,6678.00
Kyrgyzstan,2018,1312.00,7572.00
Kyrgyzstan,2019,1383.00,7921.00
Kyrgyzstan,2020,1186.00,7238.00
Lao,1995,382.00,3644.00
Lao,2005,512.00,6743.00
Lao,2010,1170.00,9899.00
Lao,2015,2135.00,14390.00
Lao,2018,2569.00,17491.00
Lao,2019,2614.00,18446.00
Lao,2020,2623.00,19050.00
Latvia,1995,2156.00,12347.00
Latvia,2005,7550.00,23560.00
Latvia,2010,11310.00,22988.00
Latvia,2015,13642.00,27252.00
Latvia,2018,17853.00,29971.00
Latvia,2019,17993.00,30716.00
Latvia,2020,17871.00,29605.00
Lebanon,1995,3261.00,24165.00
Lebanon,2005,4575.00,31400.00
Lebanon,2010,7762.00,45249.00
Lebanon,2015,7664.00,50066.00
Lebanon,2018,8058.00,50383.00
Lebanon,2019,7812.00,46777.00
Lebanon,2020,9310.00,35083.00
Lesotho,1995,471.00,1079.00
Lesotho,2005,731.00,1522.00
Lesotho,2010,1120.00,1987.00
Lesotho,2015,1146.00,2360.00
Lesotho,2018,1192.00,2339.00
Lesotho,2019,1155.00,2399.00
Lesotho,2020,1061.00,2243.00
Liberia,1995,102.00,248.00
Liberia,2005,219.00,944.00
Liberia,2010,332.00,1843.00
Liberia,2015,597.00,2669.00
Liberia,2018,570.00,2755.00
Liberia,2019,523.00,2693.00
Liberia,2020,491.00,2615.00
Libya,1995,5717.00,49919.00
Libya,2005,8425.00,74046.00
Libya,2010,12169.00,84025.00
Libya,2015,7560.00,48522.00
Libya,2018,11414.00,68398.00
Libya,2019,8828.00,49192.00
Libya,2020,4243.00,19815.00
Liechtenstein,1995,87281.00,3677.00
Liechtenstein,2005,116560.00,5370.00
Liechtenstein,2010,156167.00,5980.00
Liechtenstein,2015,167294.00,6269.00
Liechtenstein,2018,180408.00,6879.00
Liechtenstein,2019,175811.00,6807.00
Liechtenstein,2020,180227.00,6659.00
Lithuania,1995,1847.00,17906.00
Lithuania,2005,7808.00,32436.00
Lithuania,2010,11889.00,34388.00
Lithuania,2015,14127.00,41419.00
Lithuania,2018,19188.00,46049.00
Lithuania,2019,19821.00,48155.00
Lithuania,2020,20772.00,48091.00
Luxembourg,1995,51093.00,30592.00
Luxembourg,2005,82250.00,47065.00
Luxembourg,2010,110574.00,53991.00
Luxembourg,2015,105952.00,60047.00
Luxembourg,2018,117974.00,65147.00
Luxembourg,2019,114004.00,67286.00
Luxembourg,2020,117182.00,66091.00
Madagascar,1995,272.00,6387.00
Madagascar,2005,319.00,8628.00
Madagascar,2010,472.00,9925.00
Madagascar,2015,467.00,11323.00
Madagascar,2018,524.00,12629.00
Madagascar,2019,523.00,13186.00
Madagascar,2020,470.00,12153.00
Malawi,1995,251.00,2779.00
Malawi,2005,290.00,3702.00
Malawi,2010,479.00,5294.00
Malawi,2015,491.00,8216.00
Malawi,2018,544.00,10216.00
Malawi,2019,598.00,10784.00
Malawi,2020,615.00,10881.00
Malaysia,1995,4336.00,117335.00
Malaysia,2005,5587.00,186898.00
Malaysia,2010,9041.00,232654.00
Malaysia,2015,9955.00,301355.00
Malaysia,2018,11378.00,348948.00
Malaysia,2019,11414.00,363962.00
Malaysia,2020,10402.00,343625.00
Maldives,1995,2228.00,1408.00
Maldives,2005,3640.00,2106.00
Maldives,2010,7077.00,3117.00
Maldives,2015,9033.00,4109.00
Maldives,2018,10279.00,5066.00
Maldives,2019,10562.00,5414.00
Maldives,2020,6924.00,3600.00
Mali,1995,296.00,2175.00
Mali,2005,489.00,5328.00
Mali,2010,710.00,8812.00
Mali,2015,751.00,13095.00
Mali,2018,895.00,16251.00
Mali,2019,879.00,17274.00
Mali,2020,856.00,17255.00
Malta,1995,9871.00,5220.00
Malta,2005,15830.00,7320.00
Malta,2010,21791.00,8518.00
Malta,2015,25572.00,11087.00
Malta,2018,34897.00,13553.00
Malta,2019,35711.00,14330.00
Malta,2020,33771.00,13142.00
Marshall Islands,1995,2479.00,179.00
Marshall Islands,2005,2471.00,170.00
Marshall Islands,2010,2847.00,181.00
Marshall Islands,2015,3208.00,184.00
Marshall Islands,2018,3797.00,199.00
Marshall Islands,2019,4076.00,212.00
Marshall Islands,2020,4130.00,208.00
Mauritania,1995,1025.00,3139.00
Mauritania,2005,971.00,4169.00
Mauritania,2010,1611.00,4951.00
Mauritania,2015,1524.00,6167.00
Mauritania,2018,1670.00,6600.00
Mauritania,2019,1743.00,6980.00
Mauritania,2020,1702.00,6857.00
Mauritius,1995,3786.00,5013.00
Mauritius,2005,5544.00,7758.00
Mauritius,2010,8016.00,9775.00
Mauritius,2015,9284.00,11692.00
Mauritius,2018,11192.00,13078.00
Mauritius,2019,11063.00,13472.00
Mauritius,2020,8587.00,11465.00
Mexico,1995,3928.00,677459.00
Mexico,2005,8278.00,941100.00
Mexico,2010,9271.00,1012984.00
Mexico,2015,9617.00,1171870.00
Mexico,2018,9686.00,1255068.00
Mexico,2019,9946.00,1254384.00
Mexico,2020,8326.00,1150156.00
Micronesia (Fed. States of),1995,2063.00,313.00
Micronesia (Fed. States of),2005,2362.00,321.00
Micronesia (Fed. States of),2010,2885.00,317.00
Micronesia (Fed. States of),2015,2906.00,316.00
Micronesia (Fed. States of),2018,3568.00,329.00
Micronesia (Fed. States of),2019,3585.00,333.00
Micronesia (Fed. States of),2020,3500.00,326.00
Moldova,1995,489.00,4432.00
Moldova,2005,862.00,5507.00
Moldova,2010,1707.00,6452.00
Moldova,2015,1903.00,7745.00
Moldova,2018,2828.00,8830.00
Moldova,2019,2961.00,9155.00
Moldova,2020,2954.00,8517.00
Monaco,1995,99755.00,3415.00
Monaco,2005,124190.00,4290.00
Monaco,2010,150577.00,4699.00
Monaco,2015,165945.00,6259.00
Monaco,2018,185986.00,6621.00
Monaco,2019,189507.00,7075.00
Monaco,2020,173696.00,6244.00
Mongolia,1995,749.00,3373.00
Mongolia,2005,1158.00,5284.00
Mongolia,2010,2643.00,7232.00
Mongolia,2015,3919.00,11750.00
Mongolia,2018,4135.00,13429.00
Mongolia,2019,4340.00,14121.00
Mongolia,2020,4007.00,13368.00
Montenegro,1995,1958.00,1794.00
Montenegro,2005,3697.00,3078.00
Montenegro,2010,6630.00,3704.00
Montenegro,2015,6465.00,4053.00
Montenegro,2018,8772.00,4591.00
Montenegro,2019,8825.00,4778.00
Montenegro,2020,7626.00,4051.00
Montserrat,1995,6991.00,109.00
Montserrat,2005,10108.00,51.00
Montserrat,2010,11331.00,53.00
Montserrat,2015,12349.00,61.00
Montserrat,2018,12589.00,65.00
Montserrat,2019,13135.00,69.00
Montserrat,2020,13523.00,66.00
Morocco,1995,1435.00,39780.00
Morocco,2005,2054.00,61195.00
Morocco,2010,2882.00,81274.00
Morocco,2015,2919.00,101179.00
Morocco,2018,3278.00,114689.00
Morocco,2019,3287.00,118962.00
Morocco,2020,3108.00,112988.00
Mozambique,1995,187.00,3394.00
Mozambique,2005,417.00,7864.00
Mozambique,2010,472.00,11292.00
Mozambique,2015,590.00,15951.00
Mozambique,2018,503.00,17772.00
Mozambique,2019,507.00,18184.00
Mozambique,2020,449.00,17959.00
Myanmar,1995,218.00,9720.00
Myanmar,2005,289.00,27369.00
Myanmar,2010,886.00,44901.00
Myanmar,2015,1212.00,63835.00
Myanmar,2018,1371.00,76678.00
Myanmar,2019,1374.00,79112.00
Myanmar,2020,1292.00,64921.00
Namibia,1995,2422.00,4719.00
Namibia,2005,3674.00,7134.00
Namibia,2010,5325.00,8788.00
Namibia,2015,4897.00,11335.00
Namibia,2018,5588.00,11347.00
Namibia,2019,5037.00,11278.00
Namibia,2020,4215.00,10378.00
Nauru,1995,3280.00,66.00
Nauru,2005,2670.00,29.00
Nauru,2010,5925.00,42.00
Nauru,2015,10050.00,104.00
Nauru,2018,12953.00,104.00
Nauru,2019,12351.00,110.00
Nauru,2020,12510.00,111.00
Nepal,1995,210.00,8969.00
Nepal,2005,338.00,14260.00
Nepal,2010,680.00,18947.00
Nepal,2015,876.00,23667.00
Nepal,2018,1129.00,27878.00
Nepal,2019,1198.00,29734.00
Nepal,2020,1135.00,29113.00
Netherlands,1995,29240.00,520709.00
Netherlands,2005,41857.00,688450.00
Netherlands,2010,50744.00,737269.00
Netherlands,2015,45179.00,765265.00
Netherlands,2018,53580.00,823802.00
Netherlands,2019,53237.00,839913.00
Netherlands,2020,53334.00,808007.00
New Caledonia,1995,18772.00,5175.00
New Caledonia,2005,26375.00,6478.00
New Caledonia,2010,36900.00,7857.00
New Caledonia,2015,32224.00,8735.00
New Caledonia,2018,35168.00,8848.00
New Caledonia,2019,33380.00,8742.00
New Caledonia,2020,34006.00,8757.00
New Zealand,1995,17185.00,100755.00
New Zealand,2005,27742.00,141943.00
New Zealand,2010,33528.00,152956.00
New Zealand,2015,38588.00,178064.00
New Zealand,2018,44686.00,200990.00
New Zealand,2019,44623.00,205261.00
New Zealand,2020,43972.00,204711.00
Nicaragua,1995,885.00,5733.00
Nicaragua,2005,1158.00,8555.00
Nicaragua,2010,1504.00,9779.00
Nicaragua,2015,2050.00,12757.00
Nicaragua,2018,2015.00,13487.00
Nicaragua,2019,1927.00,12992.00
Nicaragua,2020,1905.00,12735.00
Niger,1995,256.00,3881.00
Niger,2005,337.00,5668.00
Niger,2010,464.00,7038.00
Niger,2015,484.00,9677.00
Niger,2018,571.00,11519.00
Niger,2019,554.00,12203.00
Niger,2020,568.00,12640.00
Nigeria,1995,468.00,155089.00
Nigeria,2005,1268.00,274839.00
Nigeria,2010,2292.00,387074.00
Nigeria,2015,2730.00,494583.00
Nigeria,2018,2154.00,500010.00
Nigeria,2019,2361.00,510979.00
Nigeria,2020,2085.00,501811.00
North Macedonia,1995,2373.00,5748.00
North Macedonia,2005,3038.00,7335.00
North Macedonia,2010,4543.00,8919.00
North Macedonia,2015,4840.00,10065.00
North Macedonia,2018,6089.00,10765.00
North Macedonia,2019,6022.00,11106.00
North Macedonia,2020,5886.00,10603.00
Norway,1995,34814.00,253494.00
Norway,2005,66680.00,337670.00
Norway,2010,87754.00,354112.00
Norway,2015,74195.00,385802.00
Norway,2018,81866.00,403459.00
Norway,2019,75390.00,406896.00
Norway,2020,66871.00,403780.00
Oman,1995,6193.00,34608.00
Oman,2005,12377.00,42605.00
Oman,2010,18713.00,54762.00
Oman,2015,16029.00,68400.00
Oman,2018,16521.00,72798.00
Oman,2019,15343.00,72198.00
Oman,2020,12409.00,70150.00
Pakistan,1995,624.00,123848.00
Pakistan,2005,734.00,185487.00
Pakistan,2010,973.00,219392.00
Pakistan,2015,1339.00,267035.00
Pakistan,2018,1339.00,314805.00
Pakistan,2019,1169.00,317918.00
Pakistan,2020,1167.00,319589.00
Palau,1995,6432.00,229.00
Palau,2005,9339.00,267.00
Palau,2010,10231.00,239.00
Palau,2015,15784.00,279.00
Palau,2018,15934.00,288.00
Palau,2019,15572.00,283.00
Palau,2020,14567.00,255.00
Panama,1995,3354.00,16806.00
Panama,2005,4719.00,26026.00
Panama,2010,8082.00,37273.00
Panama,2015,13630.00,54092.00
Panama,2018,15545.00,62102.00
Panama,2019,15728.00,63990.00
Panama,2020,12269.00,52504.00
Papua New Guinea,1995,1410.00,10937.00
Papua New Guinea,2005,1132.00,12634.00
Papua New Guinea,2010,1949.00,16340.00
Papua New Guinea,2015,2679.00,21723.00
Papua New Guinea,2018,2814.00,23660.00
Papua New Guinea,2019,2829.00,25046.00
Papua New Guinea,2020,2640.00,24068.00
Paraguay,1995,2186.00,17720.00
Paraguay,2005,1941.00,22845.00
Paraguay,2010,4363.00,29786.00
Paraguay,2015,5414.00,36211.00
Paraguay,2018,5783.00,40841.00
Paraguay,2019,5381.00,40677.00
Paraguay,2020,4950.00,40270.00
Peru,1995,2196.00,76918.00
Peru,2005,2730.00,107772.00
Peru,2010,5082.00,150299.00
Peru,2015,6229.00,189803.00
Peru,2018,6958.00,210305.00
Peru,2019,7028.00,214940.00
Peru,2020,6163.00,190977.00
Philippines,1995,1213.00,119492.00
Philippines,2005,1244.00,179366.00
Philippines,2010,2217.00,228622.00
Philippines,2015,3001.00,306446.00
Philippines,2018,3252.00,373379.00
Philippines,2019,3485.00,396224.00
Philippines,2020,3299.00,358294.00
Poland,1995,3700.00,217604.00
Poland,2005,7979.00,327056.00
Poland,2010,12519.00,413089.00
Poland,2015,12563.00,477812.00
Poland,2018,15490.00,544289.00
Poland,2019,15765.00,570115.00
Poland,2020,15764.00,555630.00
Portugal,1995,11705.00,158239.00
Portugal,2005,18763.00,201835.00
Portugal,2010,22450.00,207893.00
Portugal,2015,19223.00,199314.00
Portugal,2018,23626.00,216466.00
Portugal,2019,23468.00,222273.00
Portugal,2020,22413.00,203508.00
Puerto Rico,1995,12122.00,85278.00
Puerto Rico,2005,23105.00,113935.00
Puerto Rico,2010,27482.00,106406.00
Puerto Rico,2015,30571.00,103376.00
Puerto Rico,2018,33203.00,95013.00
Puerto Rico,2019,35765.00,96424.00
Puerto Rico,2020,36052.00,92660.00
Qatar,1995,15850.00,20365.00
Qatar,2005,51456.00,51250.00
Qatar,2010,67403.00,117318.00
Qatar,2015,63039.00,161740.00
Qatar,2018,65908.00,166227.00
Qatar,2019,62088.00,167515.00
Qatar,2020,50815.00,161395.00
Romania,1995,1630.00,103249.00
Romania,2005,4597.00,134303.00
Romania,2010,8124.00,154410.00
Romania,2015,8920.00,177731.00
Romania,2018,12378.00,208646.00
Romania,2019,12904.00,217385.00
Romania,2020,12929.00,208841.00
Russian Federation,1995,2714.00,723170.00
Russian Federation,2005,5370.00,1054187.00
Russian Federation,2010,10732.00,1254602.00
Russian Federation,2015,9404.00,1363482.00
Russian Federation,2018,11372.00,1430116.00
Russian Federation,2019,11568.00,1459190.00
Russian Federation,2020,10166.00,1416125.00
Rwanda,1995,211.00,1392.00
Rwanda,2005,332.00,4030.00
Rwanda,2010,610.00,6006.00
Rwanda,2015,750.00,8526.00
Rwanda,2018,784.00,10200.00
Rwanda,2019,820.00,11166.00
Rwanda,2020,798.00,10791.00
Saint Kitts and Nevis,1995,7451.00,522.00
Saint Kitts and Nevis,2005,11678.00,780.00
Saint Kitts and Nevis,2010,15509.00,819.00
Saint Kitts and Nevis,2015,18029.00,923.00
Saint Kitts and Nevis,2018,19275.00,958.00
Saint Kitts and Nevis,2019,19778.00,977.00
Saint Kitts and Nevis,2020,17434.00,872.00
Saint Lucia,1995,5032.00,1246.00
Saint Lucia,2005,6852.00,1556.00
Saint Lucia,2010,8540.00,1747.00
Saint Lucia,2015,10104.00,1810.00
Saint Lucia,2018,11354.00,1994.00
Saint Lucia,2019,11591.00,1993.00
Saint Lucia,2020,8805.00,1587.00
Saint Vincent & Grenadines,1995,2890.00,459.00
Saint Vincent & Grenadines,2005,5071.00,670.00
Saint Vincent & Grenadines,2010,6293.00,716.00
Saint Vincent & Grenadines,2015,6921.00,755.00
Saint Vincent & Grenadines,2018,7361.00,794.00
Saint Vincent & Grenadines,2019,7458.00,798.00
Saint Vincent & Grenadines,2020,7298.00,776.00
Samoa,1995,1185.00,442.00
Samoa,2005,2486.00,703.00
Samoa,2010,3722.00,741.00
Samoa,2015,4066.00,787.00
Samoa,2018,4256.00,817.00
Samoa,2019,4299.00,837.00
Samoa,2020,3890.00,760.00
San Marino,1995,39330.00,1332.00
San Marino,2005,69139.00,2070.00
San Marino,2010,68506.00,1881.00
San Marino,2015,42643.00,1419.00
San Marino,2018,48997.00,1482.00
San Marino,2019,47733.00,1511.00
San Marino,2020,45832.00,1412.00
Sao Tome and Principe,1995,749.00,141.00
Sao Tome and Principe,2005,801.00,191.00
Sao Tome and Principe,2010,1095.00,255.00
Sao Tome and Principe,2015,1596.00,318.00
Sao Tome and Principe,2018,1968.00,354.00
Sao Tome and Principe,2019,2002.00,362.00
Sao Tome and Principe,2020,2174.00,373.00
Saudi Arabia,1995,7680.00,336810.00
Saudi Arabia,2005,13792.00,444967.00
Saudi Arabia,2010,19263.00,509172.00
Saudi Arabia,2015,20628.00,654270.00
Saudi Arabia,2018,23337.00,676339.00
Saudi Arabia,2019,23140.00,678581.00
Saudi Arabia,2020,20110.00,650714.00
Senegal,1995,726.00,7748.00
Senegal,2005,1016.00,12270.00
Senegal,2010,1319.00,14596.00
Senegal,2015,1218.00,17761.00
Senegal,2018,1458.00,21550.00
Senegal,2019,1430.00,22498.00
Senegal,2020,1458.00,22684.00
Serbia,1995,2216.00,21208.00
Serbia,2005,3720.00,32776.00
Serbia,2010,5735.00,37960.00
Serbia,2015,5589.00,39656.00
Serbia,2018,7215.00,43722.00
Serbia,2019,7365.00,45616.00
Serbia,2020,7656.00,45185.00
Seychelles,1995,8011.00,666.00
Seychelles,2005,10368.00,876.00
Seychelles,2010,10628.00,1084.00
Seychelles,2015,14503.00,1377.00
Seychelles,2018,15940.00,1535.00
Seychelles,2019,16195.00,1554.00
Seychelles,2020,10767.00,1386.00
Sierra Leone,1995,274.00,2512.00
Sierra Leone,2005,292.00,2679.00
Sierra Leone,2010,402.00,3457.00
Sierra Leone,2015,592.00,4248.00
Sierra Leone,2018,534.00,4850.00
Sierra Leone,2019,528.00,5117.00
Sierra Leone,2020,475.00,5007.00
Singapore,1995,24905.00,107026.00
Singapore,2005,29962.00,177990.00
Singapore,2010,46736.00,247073.00
Singapore,2015,55077.00,307999.00
Singapore,2018,65301.00,344272.00
Singapore,2019,64503.00,348903.00
Singapore,2020,58114.00,330094.00
Sint Maarten (Dutch part),2005,21175.00,911.00
Sint Maarten (Dutch part),2010,26238.00,1014.00
Sint Maarten (Dutch part),2015,26682.00,1066.00
Sint Maarten (Dutch part),2018,23355.00,892.00
Sint Maarten (Dutch part),2019,25569.00,963.00
Sint Maarten (Dutch part),2020,20000.00,732.00
Slovakia,1995,3728.00,40425.00
Slovakia,2005,9082.00,61364.00
Slovakia,2010,16785.00,78287.00
Slovakia,2015,16300.00,88601.00
Slovakia,2018,19368.00,96533.00
Slovakia,2019,19293.00,99048.00
Slovakia,2020,19264.00,94731.00
Slovenia,1995,10724.00,26407.00
Slovenia,2005,18148.00,38472.00
Slovenia,2010,23570.00,42210.00
Slovenia,2015,20804.00,43090.00
Slovenia,2018,26067.00,48668.00
Slovenia,2019,26064.00,50250.00
Slovenia,2020,25777.00,48125.00
Solomon Islands,1995,1048.00,686.00
Solomon Islands,2005,1182.00,851.00
Solomon Islands,2010,1710.00,1101.00
Solomon Islands,2015,2167.00,1307.00
Solomon Islands,2018,2412.00,1515.00
Solomon Islands,2019,2344.00,1533.00
Solomon Islands,2020,2251.00,1467.00
Somalia,1995,150.00,865.00
Somalia,2005,222.00,1115.00
Somalia,2010,91.00,1265.00
Somalia,2015,105.00,1455.00
Somalia,2018,111.00,1560.00
Somalia,2019,119.00,1605.00
Somalia,2020,118.00,1581.00
South Africa,1995,3799.00,176477.00
South Africa,2005,5384.00,244372.00
South Africa,2010,7329.00,284658.00
South Africa,2015,5731.00,317416.00
South Africa,2018,6369.00,325734.00
South Africa,2019,6001.00,326231.00
South Africa,2020,5094.00,303452.00
South Sudan,2010,1570.00,7106.00
South Sudan,2015,581.00,6231.00
South Sudan,2018,737.00,5829.00
South Sudan,2019,1486.00,6493.00
South Sudan,2020,1421.00,6065.00
Spain,1995,15447.00,794244.00
Spain,2005,26199.00,1140904.00
Spain,2010,30273.00,1196671.00
Spain,2015,25607.00,1195119.00
Spain,2018,30433.00,1296984.00
Spain,2019,29806.00,1324028.00
Spain,2020,27409.00,1180730.00
Sri Lanka,1995,838.00,28184.00
Sri Lanka,2005,1429.00,43875.00
Sri Lanka,2010,2800.00,59780.00
Sri Lanka,2015,3855.00,80604.00
Sri Lanka,2018,4144.00,90088.00
Sri Lanka,2019,3939.00,92120.00
Sri Lanka,2020,3768.00,88832.00
State of Palestine,1995,1254.00,5418.00
State of Palestine,2005,1433.00,8740.00
State of Palestine,2010,2387.00,11082.00
State of Palestine,2015,3085.00,13972.00
State of Palestine,2018,3347.00,15616.00
State of Palestine,2019,3439.00,15829.00
State of Palestine,2020,3050.00,14015.00
Sudan,2010,1585.00,72125.00
Sudan,2015,2158.00,83933.00
Sudan,2018,1157.00,93561.00
Sudan,2019,815.00,94753.00
Sudan,2020,1415.00,93272.00
Sudan [former],1995,440.00,29907.00
Sudan [former],2005,914.00,59423.00
Sudan [former],2010,1581.00,79231.00
Suriname,1995,1911.00,2507.00
Suriname,2005,4391.00,3523.00
Suriname,2010,8470.00,4534.00
Suriname,2015,9168.00,5126.00
Suriname,2018,6548.00,5196.00
Suriname,2019,6841.00,5253.00
Suriname,2020,7023.00,4417.00
Sweden,1995,30251.00,305837.00
Sweden,2005,43394.00,415273.00
Sweden,2010,52801.00,453619.00
Sweden,2015,51726.00,505104.00
Sweden,2018,55704.00,539113.00
Sweden,2019,53194.00,549821.00
Sweden,2020,53575.00,534452.00
Switzerland,1995,50481.00,474507.00
Switzerland,2005,56933.00,571056.00
Switzerland,2010,77277.00,641852.00
Switzerland,2015,84629.00,702150.00
Switzerland,2018,86274.00,749096.00
Switzerland,2019,85169.00,758168.00
Switzerland,2020,86919.00,740026.00
Syria,1995,944.00,20842.00
Syria,2005,1547.00,31873.00
Syria,2010,2830.00,40497.00
Syria,2015,1109.00,19967.00
Syria,2018,1304.00,18981.00
Syria,2019,1558.00,19693.00
Syria,2020,890.00,20677.00
Tajikistan,1995,211.00,2699.00
Tajikistan,2005,341.00,4288.00
Tajikistan,2010,750.00,5872.00
Tajikistan,2015,978.00,8271.00
Tajikistan,2018,853.00,10352.00
Tajikistan,2019,891.00,11122.00
Tajikistan,2020,838.00,11623.00
Tanzania,1995,249.00,14882.00
Tanzania,2005,459.00,25697.00
Tanzania,2010,732.00,34515.00
Tanzania,2015,947.00,47379.00
Tanzania,2018,1041.00,57820.00
Tanzania,2019,1082.00,61865.00
Tanzania,2020,1115.00,64827.00
Thailand,1995,2847.00,213636.00
Thailand,2005,2894.00,288645.00
Thailand,2010,5076.00,346968.00
Thailand,2015,5840.00,401296.00
Thailand,2018,7297.00,450539.00
Thailand,2019,7817.00,460750.00
Thailand,2020,7189.00,432703.00
Timor-Leste,1995,493.00,1118.00
Timor-Leste,2005,465.00,914.00
Timor-Leste,2010,806.00,1296.00
Timor-Leste,2015,1333.00,1594.00
Timor-Leste,2018,1249.00,1587.00
Timor-Leste,2019,1584.00,1897.00
Timor-Leste,2020,1443.00,2110.00
Togo,1995,393.00,2241.00
Togo,2005,406.00,2623.00
Togo,2010,534.00,3101.00
Togo,2015,730.00,5346.00
Togo,2018,884.00,6451.00
Togo,2019,853.00,6684.00
Togo,2020,863.00,6730.00
Tonga,1995,2176.00,338.00
Tonga,2005,2588.00,379.00
Tonga,2010,3570.00,362.00
Tonga,2015,4001.00,403.00
Tonga,2018,4650.00,445.00
Tonga,2019,4865.00,449.00
Tonga,2020,4646.00,452.00
Trinidad and Tobago,1995,4264.00,9398.00
Trinidad and Tobago,2005,12369.00,19954.00
Trinidad and Tobago,2010,16714.00,24169.00
Trinidad and Tobago,2015,18384.00,25192.00
Trinidad and Tobago,2018,17139.00,22805.00
Trinidad and Tobago,2019,17123.00,22766.00
Trinidad and Tobago,2020,15286.00,21087.00
Tunisia,1995,2169.00,19938.00
Tunisia,2005,3193.00,31649.00
Tunisia,2010,4142.00,39518.00
Tunisia,2015,3862.00,43173.00
Tunisia,2018,3439.00,45737.00
Tunisia,2019,3352.00,46215.00
Tunisia,2020,3318.00,42240.00
Turkiye,1995,3988.00,337255.00
Turkiye,2005,7456.00,525475.00
Turkiye,2010,10742.00,614169.00
Turkiye,2015,11006.00,864314.00
Turkiye,2018,9454.00,988639.00
Turkiye,2019,9121.00,997434.00
Turkiye,2020,8538.00,1015323.00
Turkmenistan,1995,520.00,10160.00
Turkmenistan,2005,2981.00,16206.00
Turkmenistan,2010,4439.00,27867.00
Turkmenistan,2015,6478.00,36052.00
Turkmenistan,2018,6545.00,34987.00
Turkmenistan,2019,7314.00,32286.00
Turkmenistan,2020,7104.00,31203.00
Turks and Caicos Islands,1995,11748.00,308.00
Turks and Caicos Islands,2005,20534.00,690.00
Turks and Caicos Islands,2010,21028.00,756.00
Turks and Caicos Islands,2015,26182.00,942.00
Turks and Caicos Islands,2018,29555.00,1041.00
Turks and Caicos Islands,2019,31353.00,1096.00
Turks and Caicos Islands,2020,23881.00,802.00
Tuvalu,1995,1265.00,20.00
Tuvalu,2005,2168.00,27.00
Tuvalu,2010,2982.00,29.00
Tuvalu,2015,3261.00,36.00
Tuvalu,2018,4180.00,41.00
Tuvalu,2019,4652.00,46.00
Tuvalu,2020,4648.00,47.00
Uganda,1995,350.00,7317.00
Uganda,2005,403.00,14392.00
Uganda,2010,947.00,23568.00
Uganda,2015,766.00,29297.00
Uganda,2018,797.00,33400.00
Uganda,2019,852.00,35975.00
Uganda,2020,846.00,35672.00
Ukraine,1995,990.00,76792.00
Ukraine,2005,1903.00,100863.00
Ukraine,2010,2970.00,102154.00
Ukraine,2015,2026.00,91031.00
Ukraine,2018,2958.00,98807.00
Ukraine,2019,3499.00,101990.00
Ukraine,2020,3557.00,97889.00
United Arab Emirates,1995,27578.00,138960.00
United Arab Emirates,2005,39880.00,246972.00
United Arab Emirates,2010,33893.00,278173.00
United Arab Emirates,2015,38663.00,358135.00
United Arab Emirates,2018,43839.00,382069.00
United Arab Emirates,2019,42701.00,395104.00
United Arab Emirates,2020,36285.00,370866.00
United Kingdom,1995,23242.00,1952055.00
United Kingdom,2005,42211.00,2605542.00
United Kingdom,2010,39255.00,2666813.00
United Kingdom,2015,44892.00,2956574.00
United Kingdom,2018,43204.00,3139011.00
United Kingdom,2019,42628.00,3191493.00
United Kingdom,2020,40718.00,2882116.00
United States,1995,28811.00,11135929.00
United States,2005,44202.00,15600244.00
United States,2010,48700.00,16383040.00
United States,2015,56738.00,18206023.00
United States,2018,62756.00,19479577.00
United States,2019,64949.00,19925439.00
United States,2020,63123.00,19247059.00
Uruguay,1995,6610.00,30066.00
Uruguay,2005,5227.00,33781.00
Uruguay,2010,11992.00,45125.00
Uruguay,2015,16729.00,57081.00
Uruguay,2018,18704.00,60096.00
Uruguay,2019,17688.00,60306.00
Uruguay,2020,15438.00,56773.00
Uzbekistan,1995,710.00,23994.00
Uzbekistan,2005,646.00,37958.00
Uzbekistan,2010,1645.00,57080.00
Uzbekistan,2015,2646.00,81847.00
Uzbekistan,2018,1552.00,95650.00
Uzbekistan,2019,1750.00,101196.00
Uzbekistan,2020,1724.00,102864.00
Vanuatu,1995,1621.00,450.00
Vanuatu,2005,1887.00,554.00
Vanuatu,2010,2967.00,706.00
Vanuatu,2015,2802.00,760.00
Vanuatu,2018,3125.00,845.00
Vanuatu,2019,3115.00,872.00
Vanuatu,2020,2783.00,792.00
Venezuela,1995,3415.00,242555.00
Venezuela,2005,5505.00,285618.00
Venezuela,2010,13847.00,342614.00
Venezuela,2015,11447.00,344343.00
Venezuela,2018,7063.00,193631.00
Venezuela,2019,5265.00,139966.00
Venezuela,2020,3740.00,97976.00
Vietnam,1995,277.00,53684.00
Vietnam,2005,687.00,106748.00
Vietnam,2010,1318.00,144994.00
Vietnam,2015,2085.00,193241.00
Vietnam,2018,2566.00,234736.00
Vietnam,2019,2715.00,251209.00
Vietnam,2020,2786.00,258509.00
Yemen,1995,398.00,23093.00
Yemen,2005,947.00,44672.00
Yemen,2010,1335.00,53157.00
Yemen,2015,1006.00,26660.00
Yemen,2018,804.00,20091.00
Yemen,2019,866.00,20380.00
Yemen,2020,937.00,20626.00
Zambia,1995,419.00,6623.00
Zambia,2005,703.00,10687.00
Zambia,2010,1489.00,16222.00
Zambia,2015,1314.00,20859.00
Zambia,2018,1516.00,23309.00
Zambia,2019,1305.00,23645.00
Zambia,2020,985.00,22987.00
Zanzibar,1995,235.00,350.00
Zanzibar,2005,408.00,682.00
Zanzibar,2010,655.00,888.00
Zanzibar,2015,821.00,1184.00
Zanzibar,2018,1026.00,1444.00
Zanzibar,2019,1111.00,1546.00
Zanzibar,2020,1031.00,1566.00
Zimbabwe,1995,970.00,10458.00
Zimbabwe,2005,595.00,8316.00
Zimbabwe,2010,948.00,14100.00
Zimbabwe,2015,1445.00,19963.00
Zimbabwe,2018,1684.00,22077.00
Zimbabwe,2019,1498.00,20245.00
Zimbabwe,2020,1466.00,20407.00