Country,Year,Pop_mill,Pop_male_mill,Pop_female_mill,Pop_0_14_per,Pop_60_plus_per,Pop_density,Surface_area_thou_km2
Afghanistan,2010,28.19,14.24,13.95,49,3.8,43.4,
Albania,2010,2.91,1.46,1.45,21,16.2,106.3,
Algeria,2010,35.86,18.28,17.57,27.6,7.1,15.1,
American Samoa,2010,0.05,0.03,0.03,34.6,6.7,274.2,
Andorra,2010,0.07,0.04,0.04,16.3,15.3,152.2,
Angola,2010,23.36,11.51,11.85,45.7,4.1,18.7,
Anguilla,2010,0.01,0.01,0.01,23.6,10.3,149.7,
Antigua and Barbuda,2010,0.09,0.04,0.05,23.8,10.4,194.8,
Argentina,2010,41.1,20.31,20.79,25.6,14.6,14.7,
Armenia,2010,2.95,1.36,1.59,19.3,14,103.5,
Aruba,2010,0.1,0.05,0.05,20.7,14.7,557.5,
Australia,2010,22.02,10.96,11.06,19.1,19,2.9,
Austria,2010,8.36,4.07,4.29,14.8,23.2,101.3,
Azerbaijan,2010,9.24,4.53,4.71,23.9,7.9,111.8,
Bahamas,2010,0.37,0.18,0.19,26.4,9.1,69.7,
Bahrain,2010,1.21,0.75,0.46,20.5,3.5,1550,
Bangladesh,2010,148.39,74.21,74.18,33.4,6.7,1140,
Barbados,2010,0.27,0.13,0.14,20.1,16.6,638.9,
Belarus,2010,9.73,4.51,5.22,14.9,19.7,48,
Belgium,2010,10.88,5.33,5.55,16.9,23.1,359.3,
Belize,2010,0.32,0.16,0.16,35.5,5.9,14.1,
Benin,2010,9.45,4.71,4.74,43.7,4.8,83.8,
Bermuda,2010,0.06,0.03,0.03,16.2,19,1174.9,
Bhutan,2010,0.71,0.38,0.33,29.6,7.5,18.4,
Bolivia,2010,10.22,5.15,5.07,34.8,7.2,9.4,
"Bonaire, St. Eustatius & Saba",2010,0.02,0.01,0.01,18.9,13.9,61.7,
Bosnia and Herzegovina,2010,3.81,1.86,1.95,15.9,19.5,74.4,
Botswana,2010,2.09,1.03,1.06,34.8,4.8,3.7,
Brazil,2010,196.35,96.81,99.55,24.8,10.3,23.5,
British Virgin Islands,2010,0.03,0.01,0.01,22.1,9.5,178.9,
Brunei Darussalam,2010,0.4,0.21,0.19,26,5.5,68.7,
Bulgaria,2010,7.59,3.67,3.92,13.7,25.4,70,
Burkina Faso,2010,16.12,8,8.12,45.6,4.2,58.9,
Burundi,2010,9.13,4.52,4.61,44.9,3.7,351.7,
Cabo Verde,2010,0.52,0.26,0.26,32,7.6,129.3,
Cambodia,2010,14.36,7.1,7.26,32.1,5.7,79.3,
Cameroon,2010,19.88,9.89,9.99,43.8,4.5,42.7,
Canada,2010,33.96,16.83,17.13,16.6,19.9,3.7,
Cayman Islands,2010,0.05,0.03,0.03,18.3,8.5,224.4,
Central African Republic,2010,4.66,2.34,2.32,46,3.5,7.5,
Chad,2010,11.89,5.96,5.94,48.6,3.4,9.4,
Chile,2010,17,8.44,8.57,21.5,13.9,22.6,
China,2010,1348.19,690.08,658.11,18.5,12.8,140.4,
"China, Macao SAR",2010,0.56,0.27,0.29,12.9,11.3,17415.5,
Colombia,2010,44.82,22.17,22.65,27.1,9,39.9,
Comoros,2010,0.66,0.33,0.33,42,6,352.5,
"Congo, Dem. Rep.",2010,66.39,32.89,33.51,46.2,4.9,29.3,
"Congo, Rep.",2010,4.44,2.21,2.23,40.6,4.1,13,
Cook Islands,2010,0.02,0.01,0.01,28.1,12.1,71.7,
Costa Rica,2010,4.62,2.32,2.3,24.7,10.9,90.5,
Cote d’Ivoire,2010,21.12,10.72,10.4,44,3.8,66.4,
Croatia,2010,4.37,2.1,2.27,15.3,23.8,78.2,
Cuba,2010,11.29,5.64,5.65,17.7,17.6,105.8,
Curaçao,2010,0.16,0.07,0.09,22.1,17.3,375.9,
Cyprus,2010,1.13,0.57,0.56,17,15.9,122.3,
Czechia,2010,10.46,5.13,5.33,14.4,22.5,135.5,
Denmark,2010,5.55,2.75,2.8,18,23.2,130.9,
Djibouti,2010,0.92,0.46,0.46,36.1,5.9,39.7,
Dominica,2010,0.07,0.03,0.03,23.6,14.8,91.7,
Dominican Republic,2010,9.78,4.94,4.83,30.7,8.1,202.4,
Ecuador,2010,14.99,7.5,7.49,31.2,8.6,60.4,
Egypt,2010,87.25,44.18,43.08,33.3,6.6,87.7,
El Salvador,2010,6.11,2.92,3.19,31.8,9.7,295.1,
Equatorial Guinea,2010,1.09,0.57,0.52,38.9,5,39,
Eritrea,2010,3.15,1.55,1.6,42.7,5.5,26,
Estonia,2010,1.33,0.62,0.71,15.2,23.3,30.6,
Eswatini,2010,1.1,0.53,0.57,38.8,4.7,63.3,
Ethiopia,2010,89.24,44.92,44.32,45.1,4.4,89.2,
Falkland Islands (Malvinas),2010,0,0,0,17.6,15.9,0.3,
Faroe Islands,2010,0.05,0.03,0.02,21.8,20.5,35,
Fiji,2010,0.91,0.46,0.44,31.1,6.9,49.5,
Finland,2010,5.36,2.63,2.73,16.6,24.7,17.7,
France,2010,62.44,30.23,32.22,18.3,23.2,113.3,
French Guiana,2010,0.23,0.11,0.12,35.2,6.2,2.8,
French Polynesia,2010,0.28,0.15,0.14,25.7,9.5,77,
Gabon,2010,1.71,0.87,0.85,37.4,6.1,6.6,
Gambia,2010,1.94,0.96,0.98,45.7,4.2,191.4,
Georgia,2010,3.84,1.8,2.03,18.7,17.8,55.2,
Germany,2010,81.33,39.82,41.51,13.6,25.9,233.3,
Ghana,2010,25.57,12.74,12.83,39.2,4.8,112.4,
Gibraltar,2010,0.03,0.02,0.02,18.1,22,3126.2,
Greece,2010,11.03,5.45,5.58,14.6,25,84.3,
Greenland,2010,0.06,0.03,0.03,22.4,10.9,0.1,
Grenada,2010,0.11,0.06,0.06,24.7,12.1,335.4,
Guadeloupe,2010,0.4,0.19,0.22,22,18.8,247.6,
Guam,2010,0.16,0.08,0.08,27.1,10.6,304.8,
Guatemala,2010,14.54,7.21,7.33,39.1,6,135.7,
Guinea,2010,10.27,5.04,5.24,44.5,5.4,41.8,
Guinea-Bissau,2010,1.57,0.77,0.8,43.6,4.2,55.7,
Guyana,2010,0.75,0.37,0.38,32.3,7.1,3.8,
Haiti,2010,9.84,4.89,4.95,36,6.1,357,
Holy See,2010,,,,,,1353.4,
Honduras,2010,8.45,4.27,4.18,37.7,5,77.5,
Hong Kong,2010,7.13,3.36,3.78,12.3,18.5,6489.9,
Hungary,2010,9.99,4.74,5.24,14.7,22.6,110.3,
Iceland,2010,0.32,0.16,0.16,20.9,17,3.2,
India,2010,1240.61,641.57,599.05,31,7.8,417.3,
Indonesia,2010,244.02,122.88,121.13,27.9,8.7,127.7,
Iran,2010,75.37,38.3,37.07,22.3,7.8,46.3,
Iraq,2010,31.26,15.56,15.71,41.2,4.7,72,
Ireland,2010,4.52,2.25,2.28,21.1,16.1,66.2,
Isle of Man,2010,0.08,0.04,0.04,16.7,24.4,146.6,
Israel,2010,7.33,3.63,3.7,27.8,14.3,338.6,
Italy,2010,59.82,28.96,30.87,14.1,26.7,202.1,
Jamaica,2010,2.73,1.36,1.38,26.6,8.4,252.4,
Japan,2010,128.11,62.42,65.69,13.2,31.5,340,
Jordan,2010,6.93,3.56,3.37,36.6,5.3,78.1,
Kazakhstan,2010,16.63,7.92,8.71,24.6,10.1,6.2,
Kenya,2010,41.52,20.64,20.88,43.3,3.3,71.5,
Kiribati,2010,0.11,0.05,0.06,36.4,5.2,148.8,
Korea,2010,24.69,12.07,12.62,21.7,13.9,205,
Kuwait,2010,2.94,1.68,1.27,23,3.2,165.2,
Kyrgyzstan,2010,5.48,2.68,2.8,30.7,6.1,28.6,
Lao,2010,6.32,3.18,3.14,35.9,5.8,27.4,
Latvia,2010,2.1,0.96,1.14,14.2,24.3,33.8,
Lebanon,2010,5,2.48,2.52,25.8,9,488.3,
Lesotho,2010,2.02,0.99,1.03,36.1,6.3,66.6,
Liberia,2010,4.02,1.99,2.03,43.3,5.4,41.7,
Libya,2010,6.49,3.3,3.19,29.9,5.9,3.9,
Liechtenstein,2010,0.04,0.02,0.02,16.3,19.7,224.5,
Lithuania,2010,3.14,1.44,1.7,14.9,23.3,50.1,
Luxembourg,2010,0.51,0.25,0.25,17.7,18.9,195.8,
Madagascar,2010,21.73,10.91,10.82,43.2,4.3,37.4,
Malawi,2010,14.72,7.12,7.6,46.5,5.4,155.7,
Malaysia,2010,28.72,14.79,13.93,27.8,7.9,87.4,
Maldives,2010,0.36,0.2,0.16,25.7,6.1,1205.2,
Mali,2010,15.53,7.84,7.68,47.2,4.4,12.7,
Malta,2010,0.42,0.21,0.21,14.8,23.5,1329.4,
Marshall Islands,2010,0.05,0.03,0.03,39.6,3.9,296.8,
Martinique,2010,0.39,0.18,0.21,19.7,20.3,370,
Mauritania,2010,3.42,1.68,1.74,43.3,5.3,3.3,
Mauritius,2010,1.28,0.64,0.65,21.9,11.6,632.2,
Mayotte,2010,0.21,0.1,0.11,44.7,3.9,564.8,
Mexico,2010,112.53,55.09,57.45,29.9,8.9,57.4,
Micronesia (Fed. States of),2010,0.11,0.05,0.05,35.5,5.5,153.7,
Moldova,2010,3.68,1.75,1.93,18,15.1,111.9,
Monaco,2010,0.03,0.02,0.02,13,34.6,22267.5,
Mongolia,2010,2.7,1.35,1.36,28.1,5.6,1.7,
Montenegro,2010,0.63,0.31,0.32,19.3,18,45.7,
Montserrat,2010,0,0,0,19.8,18.5,47.9,
Morocco,2010,32.46,16.3,16.17,28.9,7.9,72.7,
Mozambique,2010,23.07,11.24,11.84,45.4,4.3,29.3,
Myanmar,2010,49.39,24.66,24.73,28.3,7.9,75.6,
Namibia,2010,2.1,1.02,1.08,37,5.3,2.6,
Nauru,2010,0.01,0.01,0.01,36.5,2.9,512,
Nepal,2010,27.16,13.26,13.9,36.2,7.4,184.5,
Netherlands,2010,16.62,8.23,8.39,17.5,22,493.5,
New Caledonia,2010,0.26,0.13,0.13,25.8,11.3,14.3,
New Zealand,2010,4.35,2.13,2.22,20.9,18.3,16.4,
Nicaragua,2010,5.86,2.89,2.97,34.4,5.9,48.7,
Niger,2010,16.65,8.43,8.22,49.1,3.8,13.1,
Nigeria,2010,160.95,81.07,79.89,44.3,4.9,176.7,
Niue,2010,0,0,0,26.2,16.6,7,
North Macedonia,2010,2.09,1.05,1.05,18.5,16.5,84,
Northern Mariana Islands,2010,0.05,0.03,0.03,27.3,6,118.4,
Norway,2010,4.89,2.44,2.45,18.8,21,16.1,
Oman,2010,2.88,1.71,1.17,26.9,3.9,9.3,
Other non-specified areas,2010,23.08,11.56,11.53,16,14.6,651.9,
Pakistan,2010,194.45,99.99,94.47,39.2,5.7,252.3,
Palau,2010,0.02,0.01,0.01,21.3,9.8,40.3,
Panama,2010,3.62,1.82,1.81,29.2,9.4,48.9,
Papua New Guinea,2010,7.58,3.95,3.64,37.9,4.3,16.7,
Paraguay,2010,5.77,2.9,2.86,33,7.5,14.3,
Peru,2010,29.23,14.55,14.68,29.8,10.1,22.8,
Philippines,2010,94.64,47.83,46.8,34.5,6.6,315.5,
Poland,2010,38.6,18.69,19.9,15.2,19.3,126.1,
Portugal,2010,10.59,5.06,5.52,15.2,24.4,115.1,
Puerto Rico,2010,3.72,1.78,1.94,19.6,20.5,427.7,
Qatar,2010,1.71,1.3,0.42,13.8,1.8,147.9,
Réunion,2010,0.89,0.43,0.46,26.4,12.2,356.1,
Romania,2010,20.34,9.85,10.49,15.8,21.3,88.4,
Russian Federation,2010,143.24,66.23,77.01,15.2,18.1,8.7,
Rwanda,2010,10.31,4.99,5.32,42.2,4.6,425.8,
Saint Barthélemy,2010,0.01,0,0,16.2,12.6,408.5,
Saint Helena,2010,0.01,0,0,14.3,26.8,13.6,
Saint Kitts and Nevis,2010,0.05,0.02,0.02,23.7,10.3,182.3,
Saint Lucia,2010,0.17,0.09,0.09,24.1,11.1,277.5,
Saint Martin (French part),2010,0.04,0.02,0.02,27.5,8.7,687.9,
Saint Pierre and Miquelon,2010,0.01,0,0,17.9,20.2,26.3,
Saint Vincent & Grenadines,2010,0.11,0.06,0.05,25.7,11.6,280.3,
Samoa,2010,0.19,0.1,0.09,39,6.8,68.8,
San Marino,2010,0.03,0.02,0.02,15.4,23,518.2,
Sao Tome and Principe,2010,0.18,0.09,0.09,42.1,5.1,189.7,
Saudi Arabia,2010,29.41,16.87,12.55,29.5,3.2,13.7,
Senegal,2010,12.53,6.16,6.37,43.2,4.9,65.1,
Serbia,2010,7.65,3.68,3.97,14.3,24.5,99.7,
Seychelles,2010,0.09,0.05,0.04,24.3,9.2,202.2,
Sierra Leone,2010,6.44,3.22,3.22,43.2,5,89.7,
Singapore,2010,5.16,2.68,2.48,14.3,12.4,7560.2,
Sint Maarten (Dutch part),2010,0.03,0.02,0.02,22.6,9.2,971.6,
Slovakia,2010,5.4,2.63,2.77,15.4,18,110.1,
Slovenia,2010,2.06,1.02,1.04,14.2,21.9,102.2,
Solomon Islands,2010,0.54,0.28,0.26,41.2,5.2,18.8,
Somalia,2010,12.03,6.03,6,48.3,4,19.2,
South Africa,2010,51.78,24.93,26.86,28.7,7.6,42.4,
South Sudan,2010,9.71,4.79,4.92,43,4,17.2,
Spain,2010,46.57,23.01,23.56,15,22.2,92.7,
Sri Lanka,2010,20.67,10.06,10.61,25.5,11.8,329.6,
State of Palestine,2010,3.99,1.99,2,42.4,4.3,663.2,
Sudan,2010,33.74,16.89,16.85,42.1,4.1,19.1,
Suriname,2010,0.55,0.27,0.27,29.9,8.6,3.5,
Sweden,2010,9.38,4.67,4.71,16.6,24.9,23,
Switzerland,2010,7.82,3.85,3.97,15.2,22.7,195.6,
Syria,2010,22.34,11.28,11.06,36.4,5.2,121.6,
Tajikistan,2010,7.62,3.81,3.82,36.8,4.6,53.3,
Tanzania,2010,45.11,22.18,22.93,45.1,4.7,50.9,
Thailand,2010,68.27,33.51,34.76,19.3,13.2,133.6,
Timor-Leste,2010,1.09,0.56,0.53,41.4,7.6,73.2,
Togo,2010,6.57,3.29,3.28,41.8,4.6,120.8,
Tokelau,2010,0,0,0,30.4,14.6,113.9,
Tonga,2010,0.11,0.05,0.05,37.6,8.2,165.2,
Trinidad and Tobago,2010,1.41,0.7,0.71,20.8,10.7,274.9,
Tunisia,2010,10.9,5.42,5.47,23.8,9.8,70.1,
Turkiye,2010,73.2,36.76,36.44,26.7,9.5,95.1,
Turkmenistan,2010,5.27,2.6,2.67,30.2,6,11.2,
Turks and Caicos Islands,2010,0.03,0.02,0.01,22.9,9.5,31.3,
Tuvalu,2010,0.01,0.01,0.01,32.5,8.4,351.7,
Uganda,2010,32.34,15.92,16.42,49.9,2.6,161.9,
Ukraine,2010,45.68,21.06,24.62,14.2,20.8,78.9,
United Arab Emirates,2010,8.48,6.18,2.31,13.7,0.3,119.4,
United Kingdom,2010,62.76,30.8,31.96,17.6,22.3,258.5,
United States,2010,311.18,153.27,157.91,19.9,18.3,34,
Uruguay,2010,3.35,1.62,1.74,22.3,18.8,19.4,
Uzbekistan,2010,28.61,14.29,14.32,29.2,6.5,67.3,
Vanuatu,2010,0.25,0.12,0.12,38.9,5.5,20.1,
Venezuela,2010,28.72,14.32,14.39,30,8.5,31.3,
Vietnam,2010,87.41,43.05,44.36,24.3,9.3,278.9,
Virgin Islands,2010,0.11,0.05,0.06,20.7,20.6,303.3,
Wallis and Futuna Islands,2010,0.01,0.01,0.01,28.9,12.7,93.9,
Western Sahara,2010,0.41,0.23,0.19,27,6.3,1.6,
Yemen,2010,24.74,12.52,12.23,43.6,4.2,46.9,
Zambia,2010,13.79,6.77,7.03,46.6,2.7,18.6,
Zimbabwe,2010,12.84,6.03,6.81,43.2,4.6,33.2,
Afghanistan,2015,33.75,17.07,16.68,45.8,3.8,52,653
Albania,2015,2.88,1.45,1.44,18.2,19,105.2,29
Algeria,2015,39.54,20.15,19.39,29,8.1,16.6,2382
American Samoa,2015,0.05,0.03,0.03,31.5,8.3,256.8,0
Andorra,2015,0.07,0.04,0.04,15.5,17.6,152.7,0
Angola,2015,28.13,13.88,14.25,45.8,4.1,22.6,1247
Anguilla,2015,0.01,0.01,0.01,20.3,12.2,165.1,0
Antigua and Barbuda,2015,0.09,0.04,0.05,21.2,12.2,204.4,0
Argentina,2015,43.26,21.4,21.85,24.7,15.3,15.5,2780
Armenia,2015,2.88,1.31,1.57,19.6,15.8,101.1,30
Aruba,2015,0.1,0.05,0.05,18.8,18.2,579.2,0
Australia,2015,23.82,11.83,11.99,18.9,20.3,3.1,7692
Austria,2015,8.64,4.24,4.41,14.3,24,104.7,84
Azerbaijan,2015,9.86,4.86,5.01,24.4,8.8,119.3,87
Bahamas,2015,0.39,0.19,0.2,23.3,10.5,73.3,14
Bahrain,2015,1.36,0.84,0.52,20.4,5,1739.6,1
Bangladesh,2015,157.83,78.54,79.29,30.2,7.5,1212.5,148
Barbados,2015,0.28,0.13,0.15,18.8,18.7,646.7,0
Belarus,2015,9.7,4.48,5.22,16.3,21.4,47.8,208
Belgium,2015,11.25,5.53,5.72,17,24.1,371.5,31
Belize,2015,0.36,0.18,0.18,31.8,6.6,15.8,23
Benin,2015,10.93,5.46,5.47,43.2,4.8,97,115
Bermuda,2015,0.06,0.03,0.03,15.1,22.6,1169.3,0
Bhutan,2015,0.74,0.4,0.35,27,8.3,19.4,38
Bolivia,2015,11.09,5.58,5.51,33.1,7.3,10.2,1099
"Bonaire, St. Eustatius & Saba",2015,0.02,0.01,0.01,17.5,16.4,70.6,
Bosnia and Herzegovina,2015,3.52,1.72,1.8,15.1,21.9,68.8,51
Botswana,2015,2.31,1.13,1.17,34.2,5.1,4.1,582
Brazil,2015,205.19,101.01,104.18,22.5,11.9,24.6,8516
British Virgin Islands,2015,0.03,0.01,0.02,19.1,11.6,190.7,0
Brunei Darussalam,2015,0.42,0.22,0.2,24.2,7,73.1,6
Bulgaria,2015,7.31,3.54,3.77,14.1,27.4,67.4,111
Burkina Faso,2015,18.72,9.31,9.41,45.6,4.1,68.4,273
Burundi,2015,10.73,5.32,5.41,46.8,3.8,413.4,28
Cabo Verde,2015,0.55,0.27,0.28,29.1,7.4,137,4
Cambodia,2015,15.42,7.63,7.79,30.9,7,85.2,181
Cameroon,2015,23.01,11.46,11.55,43.3,4.3,49.4,476
Canada,2015,35.73,17.73,18,16.2,22.3,3.9,9985
Cayman Islands,2015,0.06,0.03,0.03,17.5,10,252.7,0
Central African Republic,2015,4.82,2.41,2.41,48.8,3.9,7.7,623
Chad,2015,14.14,7.09,7.05,48.4,3.3,11.2,1284
Chile,2015,17.87,8.87,9,20,15.8,23.7,756
China,2015,1393.72,713.26,680.46,18.4,15.6,145.2,9600
"China, Macao SAR",2015,0.62,0.29,0.32,12.9,14.5,19226.2,0
Colombia,2015,47.12,23.27,23.85,24.4,10.8,41.9,1142
Comoros,2015,0.73,0.37,0.36,39.8,6.2,392.4,2
"Congo, Dem. Rep.",2015,78.66,39,39.66,46.3,4.7,34.7,2345
"Congo, Rep.",2015,5.06,2.53,2.54,42,4.1,14.8,342
Cook Islands,2015,0.02,0.01,0.01,26.2,14,73.7,0
Costa Rica,2015,4.9,2.46,2.44,22.6,12.7,95.9,51
Cote d’Ivoire,2015,23.6,11.95,11.65,43.6,3.8,74.2,322
Croatia,2015,4.25,2.06,2.2,14.4,26.3,76.1,57
Cuba,2015,11.34,5.65,5.69,16.7,19.3,106.2,110
Curaçao,2015,0.17,0.08,0.09,20.8,19.5,399.9,0
Cyprus,2015,1.19,0.59,0.59,16.1,17.6,128.5,9
Czechia,2015,10.52,5.17,5.35,15.3,25,136.3,79
Denmark,2015,5.68,2.82,2.86,16.9,24.7,133.9,43
Djibouti,2015,1.01,0.5,0.51,33.9,6.3,43.4,23
Dominica,2015,0.07,0.04,0.03,21.7,13.4,93.3,1
Dominican Republic,2015,10.41,5.24,5.16,29,9.1,215.4,49
Ecuador,2015,16.2,8.1,8.1,29,9.8,65.2,257
Egypt,2015,97.72,49.47,48.25,33.5,6.9,98.2,1002
El Salvador,2015,6.23,2.98,3.26,28.4,10.4,300.7,21
Equatorial Guinea,2015,1.35,0.71,0.64,38.7,5,48,28
Eritrea,2015,3.34,1.64,1.7,42.2,5.7,27.6,118
Estonia,2015,1.31,0.62,0.7,16,25.2,30.2,45
Eswatini,2015,1.13,0.56,0.58,37.5,5.3,65.3,17
Ethiopia,2015,102.47,51.56,50.91,42.5,4.6,102.5,1104
Falkland Islands (Malvinas),2015,0,0,0,17.9,14.8,0.3,12
Faroe Islands,2015,0.05,0.03,0.02,21,22.8,35.2,1
Fiji,2015,0.92,0.46,0.45,30.2,7.8,50.2,18
Finland,2015,5.48,2.7,2.78,16.4,27,18.1,338
France,2015,63.81,30.86,32.95,18.2,25.3,115.7,552
French Guiana,2015,0.26,0.13,0.13,33.7,7.6,3.1,84
French Polynesia,2015,0.29,0.15,0.14,24.1,11.3,79.2,4
Gabon,2015,2.03,1.04,0.99,36.7,5.9,7.9,268
Gambia,2015,2.25,1.12,1.13,45.4,3.8,222.6,11
Georgia,2015,3.77,1.78,1.99,19.4,19.5,54.3,70
Germany,2015,82.07,40.44,41.64,13.2,27.3,235.5,357
Ghana,2015,28.87,14.4,14.47,38.9,5,126.9,239
Gibraltar,2015,0.03,0.02,0.02,17.8,23.7,3252,0
Greece,2015,10.81,5.31,5.5,14.6,26.7,82.6,132
Greenland,2015,0.06,0.03,0.03,21.1,12.8,0.1,2166
Grenada,2015,0.12,0.06,0.06,24,12.9,349.9,0
Guadeloupe,2015,0.4,0.18,0.22,20.5,22.2,245.1,2
Guam,2015,0.17,0.09,0.08,26.9,13.2,310.5,1
Guatemala,2015,16,7.93,8.07,36.2,6.5,149.3,109
Guinea,2015,11.63,5.71,5.91,43.3,5.2,47.3,246
Guinea-Bissau,2015,1.79,0.88,0.91,42.8,4.3,63.6,36
Guyana,2015,0.76,0.37,0.38,30.1,8.3,3.8,215
Haiti,2015,10.56,5.25,5.32,34.2,6.5,383.2,28
Holy See,2015,,,,,,1281.8,0
Honduras,2015,9.29,4.7,4.6,34.2,5.7,85.2,112
Hong Kong,2015,7.4,3.43,3.97,11.6,21.9,6733.2,1
Hungary,2015,9.84,4.69,5.15,14.5,25.4,108.7,93
Iceland,2015,0.33,0.17,0.16,20.2,19.1,3.3,103
India,2015,1322.87,683.54,639.32,28.6,8.9,444.9,3287
Indonesia,2015,259.09,130.52,128.57,26.9,9.3,135.6,1911
Iran,2015,81.79,41.45,40.34,23.5,9.2,50.2,1629
Iraq,2015,37.76,18.85,18.91,40.3,5,87,435
Ireland,2015,4.67,2.31,2.36,21.4,18.1,68.2,70
Isle of Man,2015,0.08,0.04,0.04,16.1,26.5,146.1,1
Israel,2015,8.01,3.98,4.03,28.1,15.2,370,22
Italy,2015,60.23,29.21,31.02,13.7,28,203.5,302
Jamaica,2015,2.79,1.39,1.41,23.3,9.4,258,11
Japan,2015,127.25,61.93,65.32,12.7,33.9,337.7,
Jordan,2015,9.49,4.94,4.55,35.1,4.9,106.9,89
Kazakhstan,2015,17.84,8.53,9.31,27,11,6.6,2725
Kenya,2015,46.85,23.27,23.58,41.6,3.8,80.7,592
Kiribati,2015,0.12,0.06,0.06,35.6,5.5,160.8,1
Korea,2015,25.26,12.4,12.86,19.8,14.2,209.8,121
Kuwait,2015,3.91,2.34,1.57,21.7,4.6,219.4,18
Kyrgyzstan,2015,5.92,2.9,3.02,32.5,6.4,30.8,200
Lao,2015,6.79,3.42,3.36,33.1,6.4,29.4,237
Latvia,2015,1.99,0.91,1.08,15,26.2,32,65
Lebanon,2015,6.4,3.17,3.23,24.8,10.9,625.5,10
Lesotho,2015,2.12,1.04,1.08,35.1,6.3,69.8,30
Liberia,2015,4.61,2.29,2.32,42.6,5.2,47.9,111
Libya,2015,6.19,3.15,3.05,31.6,6.7,3.7,1676
Liechtenstein,2015,0.04,0.02,0.02,15,22.5,233.5,0
Lithuania,2015,2.96,1.37,1.59,14.5,25.1,47.3,65
Luxembourg,2015,0.57,0.29,0.28,16.6,19.3,219.8,3
Madagascar,2015,24.85,12.47,12.38,41.3,4.7,42.7,587
Malawi,2015,16.94,8.22,8.72,46,4.4,179.1,118
Malaysia,2015,31.07,15.95,15.12,25.2,9.2,94.6,330
Maldives,2015,0.44,0.25,0.19,22.9,5.9,1451.9,0
Mali,2015,18.11,9.15,8.96,48.1,4.1,14.8,1240
Malta,2015,0.46,0.23,0.23,13.7,24.7,1449.5,0
Marshall Islands,2015,0.05,0.03,0.02,37.4,5.1,274.5,0
Martinique,2015,0.38,0.18,0.21,18.1,24.3,361.8,1
Mauritania,2015,3.95,1.93,2.02,43.7,5.3,3.8,1031
Mauritius,2015,1.29,0.64,0.65,19.5,14.6,637,2
Mayotte,2015,0.25,0.12,0.13,43.9,4.4,665.5,
Mexico,2015,120.15,58.82,61.33,27.6,10.2,61.3,1964
Micronesia (Fed. States of),2015,0.11,0.06,0.05,33.1,7.2,156.4,1
Moldova,2015,3.28,1.56,1.72,18.2,17.7,99.7,34
Monaco,2015,0.04,0.02,0.02,12.1,41,24671.1,0
Mongolia,2015,2.96,1.47,1.49,29.3,6.1,1.9,1564
Montenegro,2015,0.63,0.31,0.32,18.5,20.2,45.9,14
Montserrat,2015,0.01,0,0,18.2,20,49.1,0
Morocco,2015,34.68,17.44,17.24,28,9.3,77.7,447
Mozambique,2015,26.84,13.13,13.71,45,4.2,34.1,799
Myanmar,2015,51.48,25.68,25.81,26.6,9,78.8,677
Namibia,2015,2.28,1.1,1.18,36.3,5.7,2.8,824
Nauru,2015,0.01,0.01,0.01,38.5,3.4,559.3,0
Nepal,2015,27.61,13.16,14.45,33.4,8.5,187.6,147
Netherlands,2015,17.04,8.45,8.59,16.6,24.1,506.1,42
New Caledonia,2015,0.28,0.14,0.14,24.1,12.6,15.5,19
New Zealand,2015,4.59,2.25,2.34,20,20,17.3,268
Nicaragua,2015,6.3,3.1,3.2,32.1,6.8,52.3,130
Niger,2015,20.13,10.2,9.93,49.1,3.9,15.9,1267
Nigeria,2015,184,92.8,91.19,44.3,4.8,202,924
Niue,2015,0,0,0,27,18.6,7.1,0
North Macedonia,2015,2.11,1.05,1.06,17.1,18.6,84.6,26
Northern Mariana Islands,2015,0.05,0.03,0.02,24.2,9.9,112.7,0
Norway,2015,5.19,2.61,2.58,18,21.9,17.1,386
Oman,2015,4.19,2.71,1.48,22.3,3.9,13.5,310
Other non-specified areas,2015,23.51,11.71,11.8,13.7,18.1,664,
Pakistan,2015,210.97,107.98,102.99,38.4,6,273.7,796
Palau,2015,0.02,0.01,0.01,20.6,12.2,38.7,0
Panama,2015,3.96,1.98,1.98,28,10.6,53.3,75
Papua New Guinea,2015,8.68,4.51,4.18,36.5,4.6,19.2,463
Paraguay,2015,6.18,3.11,3.07,30.5,8.2,15.3,407
Peru,2015,30.71,15.22,15.5,28.4,11.2,24,1285
Philippines,2015,103.03,52.19,50.84,32.6,7.4,343.4,300
Poland,2015,38.55,18.66,19.89,15,22.6,125.9,313
Portugal,2015,10.37,4.92,5.45,14.2,26.8,112.7,92
Puerto Rico,2015,3.5,1.67,1.83,16.7,24.3,402.4,9
Qatar,2015,2.41,1.82,0.6,13.9,2.2,208.4,12
Réunion,2015,0.92,0.45,0.48,25,14.8,369,3
Romania,2015,19.91,9.64,10.27,15.7,23.5,86.5,238
Russian Federation,2015,144.67,67.09,77.58,16.9,20,8.8,17098
Rwanda,2015,11.64,5.66,5.98,41.2,4.8,480.9,26
Saint Barthélemy,2015,0.01,0.01,0,16,13.5,438.3,
Saint Helena,2015,0.01,0,0,13.6,27.9,14.1,0
Saint Kitts and Nevis,2015,0.05,0.02,0.02,21.4,11.8,183.8,0
Saint Lucia,2015,0.18,0.09,0.09,20.6,11.9,285.1,1
Saint Martin (French part),2015,0.04,0.02,0.02,26.3,11.8,660.8,
Saint Pierre and Miquelon,2015,0.01,0,0,17.6,23.1,26,0
Saint Vincent & Grenadines,2015,0.11,0.05,0.05,23.6,13.5,273,0
Samoa,2015,0.2,0.1,0.1,38.4,7.2,71.9,3
San Marino,2015,0.03,0.02,0.02,14.9,24.1,550.3,0
Sao Tome and Principe,2015,0.2,0.1,0.1,42.3,5.2,209.5,1
Saudi Arabia,2015,32.75,18.77,13.98,27.5,4.1,15.2,2207
Senegal,2015,14.36,7.05,7.31,43.1,4.8,74.6,197
Serbia,2015,7.52,3.61,3.91,14.3,26.4,98,88
Seychelles,2015,0.1,0.05,0.05,23.3,10.2,217.2,0
Sierra Leone,2015,7.31,3.66,3.65,41.8,4.9,102,72
Singapore,2015,5.65,2.95,2.7,12.7,15.5,8272.4,1
Sint Maarten (Dutch part),2015,0.04,0.02,0.02,19.2,11.3,1182.5,0
Slovakia,2015,5.42,2.64,2.78,15.3,20.9,110.6,49
Slovenia,2015,2.08,1.03,1.05,14.9,24.7,103.3,20
Solomon Islands,2015,0.61,0.31,0.3,40.5,5.2,21.3,29
Somalia,2015,13.76,6.9,6.86,47.8,4.1,21.9,638
South Africa,2015,55.88,27.16,28.72,28.3,8.1,45.8,1221
South Sudan,2015,11.19,5.54,5.66,43.5,4.1,19.8,659
Spain,2015,46.43,22.81,23.62,15.2,24.1,92.4,506
Sri Lanka,2015,21.34,10.32,11.02,25,13.6,340.3,66
State of Palestine,2015,4.48,2.23,2.25,40.6,4.8,745,6
Sudan,2015,38.17,19.09,19.08,42,4.9,21.6,
Suriname,2015,0.58,0.29,0.29,28.5,9.5,3.7,164
Sweden,2015,9.85,4.93,4.92,17.4,25.3,24.2,439
Switzerland,2015,8.28,4.1,4.18,14.9,23.5,207.1,41
Syria,2015,19.21,9.66,9.54,41.1,6.3,104.5,185
Tajikistan,2015,8.52,4.28,4.24,36.6,4.9,59.6,143
Tanzania,2015,52.54,25.86,26.68,44.8,4.8,59.3,947
Thailand,2015,70.29,34.37,35.93,17.4,16.3,137.6,513
Timor-Leste,2015,1.21,0.62,0.59,39,7.9,81.1,15
Togo,2015,7.47,3.75,3.72,41.4,4.7,137.4,57
Tokelau,2015,0,0,0,30.1,14.6,121.2,0
Tonga,2015,0.11,0.05,0.05,36.8,8.6,163.3,1
Trinidad and Tobago,2015,1.46,0.72,0.74,20.4,13.4,284.6,5
Tunisia,2015,11.56,5.74,5.82,24.2,11.2,74.4,164
Turkiye,2015,79.65,39.97,39.67,24.6,10.6,103.5,784
Turkmenistan,2015,5.77,2.85,2.91,30.4,6.8,12.3,488
Turks and Caicos Islands,2015,0.04,0.02,0.02,18.8,12.5,38.5,1
Tuvalu,2015,0.01,0.01,0.01,31.6,8.9,362.6,0
Uganda,2015,37.48,18.49,18.98,48.5,2.7,187.6,242
Ukraine,2015,44.98,20.82,24.16,15.2,22,77.6,604
United Arab Emirates,2015,8.92,6.34,2.58,14.3,1.1,125.5,84
United Kingdom,2015,65.22,32.13,33.1,17.7,23.2,268.7,242
United States,2015,324.61,160.49,164.11,19.3,20.3,35.5,9834
Uruguay,2015,3.4,1.64,1.76,21.1,19.4,19.6,174
Uzbekistan,2015,30.95,15.48,15.47,28.5,7.1,72.8,449
Vanuatu,2015,0.28,0.14,0.14,39.6,5.6,22.7,12
Venezuela,2015,30.53,15.19,15.34,28.5,9.7,33.3,912
Vietnam,2015,92.19,45.48,46.71,23.4,10.9,294.2,331
Virgin Islands,2015,0.1,0.05,0.05,19.5,23.9,293.7,0
Wallis and Futuna Islands,2015,0.01,0.01,0.01,26.7,15.4,87,0
Western Sahara,2015,0.49,0.27,0.22,26,7.5,1.8,266
Yemen,2015,28.52,14.44,14.08,41.7,4.1,54,528
Zambia,2015,16.25,8,8.25,45.5,2.7,21.9,753
Zimbabwe,2015,14.15,6.65,7.5,42.9,4.9,36.6,391
South Sudan,2017,10.66,5.27,5.39,46,4.3,18.9,659
Afghanistan,2020,38.97,19.69,19.28,43.8,3.8,60,653
Albania,2020,2.87,1.43,1.43,16.5,22.4,104.6,29
Algeria,2020,43.45,22.13,21.32,30.6,9.2,18.2,2382
American Samoa,2020,0.05,0.02,0.02,28.2,10.8,230.9,0
Andorra,2020,0.08,0.04,0.04,13.3,20.4,165.3,0
Angola,2020,33.43,16.52,16.91,45.3,4.2,26.8,1247
Anguilla,2020,0.02,0.01,0.01,18,14.8,177.1,0
Antigua and Barbuda,2020,0.09,0.04,0.05,19.1,14.9,210.6,0
Argentina,2020,45.04,22.3,22.74,23.7,16,16.1,2796
Armenia,2020,2.81,1.27,1.54,20.3,19.2,98.6,30
Aruba,2020,0.11,0.05,0.06,17.4,22.4,592.1,0
Australia,2020,25.67,12.74,12.93,18.5,21.8,3.3,7692
Austria,2020,8.91,4.38,4.52,14.4,25.6,107.9,84
Azerbaijan,2020,10.29,5.08,5.21,24.2,11.4,124.4,87
Bahamas,2020,0.41,0.19,0.21,20.2,12.8,75.9,14
Bahrain,2020,1.48,0.92,0.56,20.3,5.9,1886.9,1
Bangladesh,2020,167.42,83.06,84.36,27,8.8,1286.2,148
Barbados,2020,0.28,0.13,0.15,17.4,21.8,652.8,0
Belarus,2020,9.63,4.45,5.19,16.8,23.8,47.5,208
Belgium,2020,11.56,5.71,5.85,16.8,25.5,381.9,31
Belize,2020,0.39,0.2,0.2,28.8,7.5,17.3,23
Benin,2020,12.64,6.33,6.31,42.7,4.9,112.1,115
Bermuda,2020,0.06,0.03,0.03,14.9,26.9,1185.8,0
Bhutan,2020,0.77,0.41,0.36,23.5,9,20.1,38
Bolivia,2020,11.94,5.99,5.94,31.4,7.7,11,1099
Bosnia and Herzegovina,2020,3.32,1.63,1.69,14.9,24.9,64.8,51
Botswana,2020,2.55,1.26,1.29,33.2,5.8,4.5,582
Brazil,2020,213.2,104.78,108.42,20.8,13.8,25.5,8516
British Virgin Islands,2020,0.03,0.01,0.02,15.9,14.6,200.7,0
Brunei Darussalam,2020,0.44,0.23,0.21,22.6,9.4,76.6,6
Bulgaria,2020,6.98,3.39,3.59,14,29.1,64.4,110
Burkina Faso,2020,21.52,10.72,10.8,44.4,4.1,78.7,274
Burundi,2020,12.22,6.07,6.15,46.7,3.9,470.9,28
Cabo Verde,2020,0.58,0.29,0.29,27,8.3,144.6,4
Cambodia,2020,16.4,8.12,8.28,29.6,8.9,90.6,181
Cameroon,2020,26.49,13.21,13.28,42.6,4.3,56.8,476
Canada,2020,37.89,18.83,19.06,15.9,24.8,4.2,9985
Cayman Islands,2020,0.07,0.03,0.03,16.9,11.9,279.3,0
Central African Republic,2020,5.34,2.67,2.67,48.2,4.2,8.6,623
Chad,2020,16.64,8.36,8.29,47.8,3.4,13.2,1284
Chile,2020,19.3,9.58,9.72,18.6,17.5,25.6,756
China,2020,1424.93,727.99,696.94,18,17.8,148.4,9600
"China, Macao SAR",2020,0.68,0.32,0.36,14.3,17.9,21133.8,0
Colombia,2020,50.93,25.14,25.79,21.9,12.8,45.3,1142
Comoros,2020,0.81,0.4,0.4,38.5,6.4,433.2,2
"Congo, Dem. Rep.",2020,92.85,46.07,46.79,46.5,4.7,41,2345
"Congo, Rep.",2020,5.7,2.85,2.85,41.7,4.5,16.7,342
Cook Islands,2020,0.02,0.01,0.01,24,16.3,71,0
Costa Rica,2020,5.12,2.56,2.56,20.9,14.9,100.3,51
Cote d’Ivoire,2020,26.81,13.55,13.26,42.1,3.8,84.3,322
Croatia,2020,4.1,1.99,2.1,14.2,28.9,73.3,57
Cuba,2020,11.3,5.62,5.68,15.9,21,105.9,110
Curaçao,2020,0.19,0.09,0.1,17.7,20.5,446.4,0
Cyprus,2020,1.24,0.62,0.62,16,19.6,133.9,9
Czechia,2020,10.53,5.19,5.34,16,26.3,136.4,79
Denmark,2020,5.83,2.9,2.93,16.3,26,137.4,43
Djibouti,2020,1.09,0.54,0.55,31.2,6.9,47,23
Dominica,2020,0.07,0.04,0.04,20.1,13.8,96,1
Dominican Republic,2020,11,5.53,5.47,27.6,10.5,227.7,49
Ecuador,2020,17.59,8.79,8.8,26.5,10.9,70.8,257
Egypt,2020,107.47,54.36,53.11,33.2,7.5,108,1002
El Salvador,2020,6.29,3,3.3,26.1,11.4,303.7,21
Equatorial Guinea,2020,1.6,0.84,0.75,38.9,5,56.9,28
Eritrea,2020,3.56,1.75,1.8,40.4,6,29.4,121
Estonia,2020,1.33,0.63,0.7,16.5,26.6,30.6,45
Eswatini,2020,1.18,0.59,0.59,35.4,6.1,68,17
Ethiopia,2020,117.19,58.91,58.28,40.3,4.9,117.2,1104
Falkland Islands (Malvinas),2020,0,0,0,18,15.9,0.3,12
Faroe Islands,2020,0.05,0.03,0.03,20.7,23.5,37.8,1
Fiji,2020,0.92,0.46,0.46,29.2,9.3,50.4,18
Finland,2020,5.53,2.73,2.8,15.7,29,18.3,337
France,2020,64.48,31.18,33.3,17.6,27.1,116.9,552
French Guiana,2020,0.29,0.14,0.15,32.4,8.9,3.5,84
French Polynesia,2020,0.3,0.15,0.15,22.1,14,82,4
Gabon,2020,2.29,1.17,1.12,36.5,5.9,8.9,268
Gambia,2020,2.57,1.28,1.29,43.9,4,254.3,11
Georgia,2020,3.77,1.77,1.99,20.9,20.7,54.2,70
Germany,2020,83.33,41.12,42.21,13.8,28.8,239.1,358
Ghana,2020,32.18,16.05,16.13,37.6,5.6,141.4,239
Gibraltar,2020,0.03,0.02,0.02,17.2,26.3,3270.9,0
Greece,2020,10.51,5.15,5.36,14.2,28.7,80.4,132
Greenland,2020,0.06,0.03,0.03,20.9,15.3,0.1,2166
Grenada,2020,0.12,0.06,0.06,24.1,14.3,363.7,0
Guadeloupe,2020,0.4,0.18,0.22,18.7,25.8,243,2
Guam,2020,0.17,0.09,0.08,26.5,16,312.8,1
Guatemala,2020,17.36,8.6,8.76,33.5,7.1,162,109
Guinea,2020,13.21,6.52,6.69,42.1,5.2,53.7,246
Guinea-Bissau,2020,2.02,0.99,1.02,41,4.5,71.7,36
Guyana,2020,0.8,0.39,0.41,28.9,9.6,4.1,215
Haiti,2020,11.31,5.61,5.7,32.6,7,410.1,28
Holy See,2020,,,,,,1181.8,0
Honduras,2020,10.12,5.11,5.01,31.1,6.4,92.8,112
Hong Kong,2020,7.5,3.46,4.04,12.2,26.7,6825.3,1
Hungary,2020,9.75,4.67,5.08,14.6,26.6,107.7,93
Iceland,2020,0.37,0.19,0.18,18.7,20.2,3.7,103
India,2020,1396.39,721,675.39,26.1,10.2,469.7,3287
Indonesia,2020,271.86,136.93,134.93,25.7,10.5,142.3,1911
Iran,2020,87.29,44.13,43.16,24,10.9,53.6,1631
Iraq,2020,42.56,21.3,21.26,38.5,5,98,435
Ireland,2020,4.95,2.45,2.5,20.2,19.7,72.3,70
Isle of Man,2020,0.08,0.04,0.04,15.2,28.5,146.9,1
Israel,2020,8.76,4.36,4.39,28.2,15.9,404.6,22
Italy,2020,59.5,28.99,30.51,12.9,30,201,302
Jamaica,2020,2.82,1.4,1.42,20.8,11.2,260.4,11
Japan,2020,125.24,60.88,64.36,11.9,35.4,332.4,378
Jordan,2020,10.93,5.67,5.26,33.1,5.9,123.1,89
Kazakhstan,2020,18.98,9.12,9.86,29.2,12.4,7,2725
Kenya,2020,51.99,25.78,26.21,39,4.4,89.5,592
Kiribati,2020,0.13,0.06,0.07,36.2,5.9,174.2,1
Korea,2020,25.87,12.78,13.09,19,16.5,214.8,121
Kuwait,2020,4.36,2.67,1.69,21,7.6,244.7,18
Kyrgyzstan,2020,6.42,3.16,3.27,34.4,7.4,33.5,200
Lao,2020,7.32,3.69,3.63,31.4,6.9,31.7,237
Latvia,2020,1.9,0.88,1.02,15.7,28.4,30.5,65
Lebanon,2020,5.66,2.75,2.91,27.8,13.6,553.6,10
Lesotho,2020,2.25,1.11,1.14,34.2,6.6,74.2,30
Liberia,2020,5.09,2.53,2.56,41.5,5.1,52.8,111
Libya,2020,6.65,3.37,3.28,29.4,7.3,4,1676
Liechtenstein,2020,0.04,0.02,0.02,14.6,25.4,242.2,0
Lithuania,2020,2.82,1.32,1.5,15.1,27.6,45,65
Luxembourg,2020,0.63,0.32,0.31,16,20.1,243.4,3
Madagascar,2020,28.23,14.15,14.08,39.7,5.2,48.5,587
Malawi,2020,19.38,9.42,9.96,43.7,4,204.9,118
Malaysia,2020,33.2,16.99,16.21,23.3,10.8,101.1,331
Maldives,2020,0.51,0.3,0.22,21.8,7.1,1714.8,0
Mali,2020,21.22,10.72,10.51,47.6,3.8,17.4,1240
Malta,2020,0.52,0.27,0.25,13.2,24.8,1636.1,0
Marshall Islands,2020,0.04,0.02,0.02,34.1,6.9,241.2,0
Martinique,2020,0.37,0.17,0.2,16.5,28.9,349.4,1
Mauritania,2020,4.5,2.2,2.3,42.4,5.2,4.4,1031
Mauritius,2020,1.3,0.64,0.66,17,17.8,639.3,2
Mexico,2020,126,61.59,64.41,25.3,11.7,64.3,1964
Micronesia (Fed. States of),2020,0.11,0.06,0.06,31.2,9.2,160.2,1
Moldova,2020,3.08,1.47,1.62,19.6,20.2,93.8,34
Monaco,2020,0.04,0.02,0.02,12.6,43.4,24779.9,0
Mongolia,2020,3.29,1.64,1.66,32.2,7.3,2.1,1564
Montenegro,2020,0.63,0.31,0.32,18.2,22.3,45.5,14
Montserrat,2020,0,0,0,14.1,22.9,43.7,0
Morocco,2020,36.69,18.48,18.21,27.1,11.2,82.2,447
Mozambique,2020,31.18,15.29,15.88,43.9,4.2,39.6,799
Myanmar,2020,53.42,26.61,26.82,25.1,10.3,81.8,677
Namibia,2020,2.49,1.2,1.29,36.2,6.2,3,825
Nauru,2020,0.01,0.01,0.01,39,4.2,615.8,0
Nepal,2020,29.35,13.98,15.37,30.1,9,199.4,147
Netherlands,2020,17.43,8.66,8.77,15.6,26.1,517.8,42
New Caledonia,2020,0.29,0.14,0.14,22.7,14.8,15.7,19
New Zealand,2020,5.06,2.51,2.55,19.1,21.3,19.1,268
Nicaragua,2020,6.76,3.33,3.43,30.4,7.6,56.1,130
Niger,2020,24.33,12.34,11.99,48.9,4,19.2,1267
Nigeria,2020,208.33,105.24,103.08,43.5,4.8,228.7,924
Niue,2020,0,0,0,26.6,21.3,7.5,0
North Macedonia,2020,2.11,1.05,1.06,16.1,20.9,84.7,26
Northern Mariana Islands,2020,0.05,0.03,0.02,22.1,16.2,108.5,0
Norway,2020,5.38,2.71,2.67,17.2,23.5,17.7,324
Oman,2020,4.54,2.82,1.72,25.6,4.5,14.7,310
Pakistan,2020,227.2,114.82,112.38,37.3,6.6,294.7,796
Palau,2020,0.02,0.01,0.01,20.9,14.7,39.1,0
Panama,2020,4.29,2.15,2.15,26.7,12.1,57.9,75
Papua New Guinea,2020,9.75,5.04,4.71,34.9,5.2,21.5,463
Paraguay,2020,6.62,3.32,3.29,29.2,9.1,16.4,407
Peru,2020,33.3,16.5,16.81,26.7,11.8,26,1285
Philippines,2020,112.19,56.95,55.24,30.9,8.3,374,300
Poland,2020,38.43,18.59,19.84,15.3,25.5,125.5,313
Portugal,2020,10.3,4.86,5.44,13.5,28.9,112,92
Puerto Rico,2020,3.27,1.55,1.72,13.9,28.7,376.4,9
Qatar,2020,2.76,2.01,0.76,15.4,2.7,238.3,12
Réunion,2020,0.96,0.46,0.5,23.4,17.7,383.1,3
Romania,2020,19.44,9.41,10.04,16,25.2,84.5,238
Russian Federation,2020,145.62,67.64,77.97,17.7,22.2,8.9,17098
Rwanda,2020,13.15,6.42,6.72,39.3,5.1,543,26
Saint Helena,2020,0.01,0,0,13.9,33.2,13.9,0
Saint Kitts and Nevis,2020,0.05,0.02,0.02,20,15,183.2,0
Saint Lucia,2020,0.18,0.09,0.09,18.6,13.5,291,1
Saint Pierre and Miquelon,2020,0.01,0,0,17.3,23.5,25.7,0
Saint Vincent & Grenadines,2020,0.1,0.05,0.05,22.3,15.7,268.3,0
Samoa,2020,0.21,0.11,0.11,37.9,7.8,75.9,3
San Marino,2020,0.03,0.02,0.02,13.4,26.5,557.5,0
Sao Tome and Principe,2020,0.22,0.11,0.11,40.6,5.8,227.8,1
Saudi Arabia,2020,36,20.89,15.11,26,4.5,16.7,2207
Senegal,2020,16.44,8.08,8.36,42.1,4.9,85.4,197
Serbia,2020,7.36,3.53,3.83,14.1,27.2,95.9,88
Seychelles,2020,0.11,0.06,0.05,23.2,12.2,230.9,0
Sierra Leone,2020,8.23,4.12,4.11,39.8,5,114.8,72
Singapore,2020,5.91,3.09,2.82,12.2,20.8,8652.8,1
Sint Maarten (Dutch part),2020,0.04,0.02,0.02,12.5,16.8,1283,0
Slovakia,2020,5.46,2.66,2.79,15.8,23.4,111.3,49
Slovenia,2020,2.12,1.06,1.05,15.2,26.9,105.2,20
Solomon Islands,2020,0.69,0.35,0.34,39.6,5.3,24,29
Somalia,2020,16.54,8.29,8.25,47.3,4.2,26.4,638
South Africa,2020,58.8,28.58,30.22,28.7,8.7,48.2,1221
Spain,2020,47.36,23.21,24.15,14.4,25.9,94.3,506
Sri Lanka,2020,21.72,10.47,11.25,23.6,15.8,346.3,66
State of Palestine,2020,5.02,2.5,2.52,39.5,5.3,833.8,6
Suriname,2020,0.61,0.3,0.3,26.8,10.9,3.9,164
Sweden,2020,10.37,5.22,5.15,17.7,25.5,25.5,439
Switzerland,2020,8.64,4.29,4.35,15.1,24.8,216,41
Syria,2020,20.77,10.41,10.36,34.5,7.1,113.1,185
Tajikistan,2020,9.54,4.8,4.74,36.5,5.7,66.7,141
Tanzania,2020,61.7,30.48,31.23,43.9,4.8,69.7,947
Thailand,2020,71.48,34.77,36.71,16.1,20.4,139.9,513
Timor-Leste,2020,1.3,0.66,0.64,35.9,7.4,87.4,15
Togo,2020,8.44,4.24,4.2,40.5,5,155.2,57
Tokelau,2020,0,0,0,29.9,12.3,152.2,0
Tonga,2020,0.11,0.05,0.05,35.1,8.9,161.9,1
Trinidad and Tobago,2020,1.52,0.75,0.77,19.5,16,295.9,5
Tunisia,2020,12.16,6.01,6.15,25,13,78.2,164
Turkiye,2020,84.14,42.18,41.95,23.7,12,109.3,784
Turkmenistan,2020,6.25,3.1,3.15,31.2,8.2,13.3,488
Turks and Caicos Islands,2020,0.04,0.02,0.02,16.8,14.8,46.6,1
Tuvalu,2020,0.01,0.01,0.01,31.6,10.4,369,0
Uganda,2020,44.4,21.97,22.43,45.7,2.8,222.2,242
Ukraine,2020,43.91,20.33,23.58,15.3,24.1,75.8,604
United Arab Emirates,2020,9.29,6.48,2.81,14.9,3,130.8,71
United Kingdom,2020,67.06,33.12,33.94,17.8,24.5,276.3,242
United States,2020,335.94,166.5,169.44,18.5,22.5,36.7,9834
Uruguay,2020,3.43,1.66,1.77,19.8,20.4,19.8,174
Uzbekistan,2020,33.53,16.77,16.76,29.8,8.1,78.8,449
Vanuatu,2020,0.31,0.16,0.15,39.8,5.7,25.6,12
Venezuela,2020,28.49,14.11,14.38,28.5,12.1,31.1,930
Vietnam,2020,96.65,47.73,48.92,22.7,13.1,308.4,331
Virgin Islands,2020,0.1,0.05,0.05,19.3,26.9,287,0
Wallis and Futuna Islands,2020,0.01,0.01,0.01,24,17.9,83.2,0
Western Sahara,2020,0.56,0.31,0.25,24.8,8.8,2.1,266
Yemen,2020,32.28,16.32,15.96,40.2,4.1,61.1,528
Zambia,2020,18.93,9.34,9.59,43.7,2.9,25.5,753
Zimbabwe,2020,15.67,7.39,8.28,41.2,5,40.5,391
Afghanistan,2022,41.13,20.77,20.36,43.1,3.8,63.3,
Albania,2022,2.84,1.42,1.42,16.1,23.5,103.7,
Algeria,2022,44.9,22.86,22.04,30.6,9.7,18.9,
American Samoa,2022,0.04,0.02,0.02,27.1,12.1,221.4,
Andorra,2022,0.08,0.04,0.04,12.8,21.6,169.8,
Angola,2022,35.59,17.59,18,45,4.3,28.5,
Anguilla,2022,0.02,0.01,0.01,17.3,16,180.2,
Antigua and Barbuda,2022,0.09,0.04,0.05,18.5,16.1,213.1,
Argentina,2022,45.51,22.53,22.98,23.1,16.2,16.3,
Armenia,2022,2.78,1.25,1.53,20.5,20.3,97.7,
Aruba,2022,0.11,0.05,0.06,16.2,23.9,591.4,
Australia,2022,26.18,13,13.18,18.2,22.6,3.4,
Austria,2022,8.94,4.4,4.54,14.4,26.7,108.3,
Azerbaijan,2022,10.36,5.11,5.25,23.5,12.5,125.3,
Bahamas,2022,0.41,0.2,0.21,19.1,13.9,76.5,
Bahrain,2022,1.47,0.91,0.56,20.2,6.9,1880.2,
Bangladesh,2022,171.19,84.86,86.33,26,9.3,1315.1,
Barbados,2022,0.28,0.14,0.15,16.9,23.1,655,
Belarus,2022,9.54,4.39,5.14,16.8,24.5,47,
Belgium,2022,11.66,5.76,5.9,16.5,26.2,385,
Belize,2022,0.41,0.2,0.2,27.7,8,17.8,
Benin,2022,13.35,6.69,6.66,42.4,4.9,118.4,
Bermuda,2022,0.06,0.03,0.03,14.7,28.6,1188.6,
Bhutan,2022,0.78,0.41,0.37,22.1,9.3,20.4,
Bolivia,2022,12.22,6.13,6.1,30.8,7.6,11.3,
"Bonaire, St. Eustatius & Saba",2022,0.03,0.01,0.01,16.8,21.1,82.4,
Bosnia and Herzegovina,2022,3.23,1.59,1.64,14.9,25.8,63.2,
Botswana,2022,2.63,1.3,1.33,32.6,5.9,4.6,
Brazil,2022,215.31,105.73,109.58,20.3,14.6,25.8,
British Virgin Islands,2022,0.03,0.02,0.02,14.5,16.1,203.3,
Brunei Darussalam,2022,0.45,0.23,0.22,22.1,10.4,77.9,
Bulgaria,2022,6.78,3.29,3.49,14,29.2,62.6,
Burkina Faso,2022,22.67,11.3,11.37,43.7,4.1,82.9,
Burundi,2022,12.89,6.4,6.49,45.8,3.8,496.7,
Cabo Verde,2022,0.59,0.29,0.3,26.2,8.7,147.2,
Cambodia,2022,16.77,8.3,8.47,28.9,9.7,92.6,
Cameroon,2022,27.91,13.92,13.99,42.2,4.2,59.9,
Canada,2022,38.45,19.11,19.34,15.6,25.9,4.2,
Cayman Islands,2022,0.07,0.03,0.03,16.8,13.1,285.1,
Central African Republic,2022,5.58,2.79,2.79,48.1,4.1,9,
Chad,2022,17.72,8.9,8.83,47.5,3.4,14.1,
Chile,2022,19.6,9.73,9.87,18.3,18.3,26,
China,2022,1425.89,727.64,698.24,17.2,18.6,148.5,
"China, Macao SAR",2022,0.7,0.33,0.37,14.8,19.5,21724,
Colombia,2022,51.87,25.58,26.3,21.3,13.5,46.2,
Comoros,2022,0.84,0.42,0.42,38,6.5,449.6,
"Congo, Dem. Rep.",2022,99.01,49.12,49.89,46.5,4.6,43.7,
"Congo, Rep.",2022,5.97,2.98,2.99,41.1,4.6,17.5,
Cook Islands,2022,0.02,0.01,0.01,23.6,17.5,70.9,
Costa Rica,2022,5.18,2.59,2.59,20.2,15.8,101.5,
Cote d’Ivoire,2022,28.16,14.22,13.95,41.5,3.8,88.6,
Croatia,2022,4.03,1.96,2.07,14.1,29.6,72.1,
Cuba,2022,11.21,5.56,5.65,15.7,22,105,
Curaçao,2022,0.19,0.09,0.1,17.2,21.4,450.9,
Cyprus,2022,1.25,0.63,0.62,15.9,20.4,135.4,
Czechia,2022,10.49,5.17,5.32,16,26.3,135.9,
Denmark,2022,5.88,2.93,2.96,16.1,26.5,138.8,
Djibouti,2022,1.12,0.56,0.56,30.4,7.1,48.4,
Dominica,2022,0.07,0.04,0.04,19.6,14.5,97,
Dominican Republic,2022,11.23,5.63,5.59,27.1,11.2,232.4,
Ecuador,2022,18,8.98,9.02,25.7,11.3,72.5,
Egypt,2022,110.99,56.12,54.87,32.9,7.7,111.5,
El Salvador,2022,6.34,3.02,3.32,25.4,11.6,305.8,
Equatorial Guinea,2022,1.67,0.88,0.79,38.5,5.1,59.7,
Eritrea,2022,3.68,1.82,1.87,39.2,6.1,30.4,
Estonia,2022,1.33,0.63,0.7,16.4,27,30.5,
Eswatini,2022,1.2,0.6,0.61,34.7,6.2,69.2,
Ethiopia,2022,123.38,61.98,61.4,39.6,4.9,123.4,
Falkland Islands (Malvinas),2022,0,0,0,17.7,17.4,0.3,
Faroe Islands,2022,0.05,0.03,0.03,20.7,23.6,38.3,
Fiji,2022,0.93,0.47,0.46,28.6,9.7,50.9,
Finland,2022,5.54,2.74,2.8,15.2,29.7,18.3,
France,2022,64.63,31.23,33.4,17.2,27.8,117.2,
French Guiana,2022,0.3,0.15,0.15,32.1,9.4,3.7,
French Polynesia,2022,0.31,0.15,0.15,21.3,15.2,83.1,
Gabon,2022,2.39,1.22,1.17,36.3,6,9.3,
Gambia,2022,2.71,1.35,1.36,43.1,4,267.4,
Georgia,2022,3.74,1.76,1.98,21.3,21,53.9,
Germany,2022,83.37,41.14,42.23,14,29.7,239.2,
Ghana,2022,33.48,16.7,16.78,36.9,5.9,147.1,
Gibraltar,2022,0.03,0.02,0.02,17,27.2,3264.9,
Greece,2022,10.39,5.08,5.3,13.9,29.4,79.4,
Greenland,2022,0.06,0.03,0.03,20.9,16.9,0.1,
Grenada,2022,0.13,0.06,0.06,24,14.9,368.9,
Guadeloupe,2022,0.4,0.18,0.22,18.1,27,243.1,
Guam,2022,0.17,0.09,0.09,26.1,17,317.5,
Guatemala,2022,17.84,8.83,9.01,32.4,7.1,166.5,
Guinea,2022,13.86,6.85,7.01,41.5,5.1,56.4,
Guinea-Bissau,2022,2.11,1.04,1.07,40.1,4.5,74.9,
Guyana,2022,0.81,0.4,0.41,28.6,9.9,4.1,
Haiti,2022,11.59,5.74,5.85,32.1,7.1,420.2,
Holy See,2022,,,,,,1160.2,
Honduras,2022,10.43,5.27,5.17,30.1,6.6,95.6,
Hong Kong,2022,7.49,3.45,4.04,12,28.7,6814.3,
Hungary,2022,9.97,4.79,5.18,14.4,25.8,110.1,
Iceland,2022,0.37,0.19,0.18,18.5,21,3.7,
India,2022,1417.17,731.18,685.99,25.3,10.5,476.7,
Indonesia,2022,275.5,138.7,136.8,25.2,10.9,144.2,
Iran,2022,88.55,44.71,43.84,23.6,11.6,54.4,
Iraq,2022,44.5,22.29,22.21,37.7,5.1,102.5,
Ireland,2022,5.02,2.49,2.53,19.6,20.5,73.5,
Isle of Man,2022,0.08,0.04,0.04,14.7,29.4,147.8,
Israel,2022,9.04,4.51,4.53,28.1,16.1,417.6,
Italy,2022,59.04,28.79,30.25,12.4,31,199.5,
Jamaica,2022,2.83,1.4,1.43,19.8,11.9,261.1,
Japan,2022,123.95,60.24,63.71,11.6,35.8,328.9,
Jordan,2022,11.29,5.85,5.44,32.1,6.3,127.1,
Kazakhstan,2022,19.4,9.34,10.06,29.7,12.8,7.2,
Kenya,2022,54.03,26.78,27.25,37.8,4.6,93,
Kiribati,2022,0.13,0.06,0.07,36.1,6.3,180.8,
Korea,2022,26.07,12.91,13.16,18.9,17.3,216.5,
Kuwait,2022,4.27,2.6,1.67,20.7,9.3,239.6,
Kyrgyzstan,2022,6.63,3.26,3.38,34.4,7.9,34.6,
Lao,2022,7.53,3.79,3.73,30.6,7.2,32.6,
Latvia,2022,1.85,0.86,0.99,15.6,29.1,29.7,
Lebanon,2022,5.49,2.66,2.83,27.4,14.4,536.6,
Lesotho,2022,2.31,1.14,1.17,34,6.6,75.9,
Liberia,2022,5.3,2.64,2.66,40.5,5.1,55.1,
Libya,2022,6.81,3.45,3.37,28.3,7.7,4.1,
Liechtenstein,2022,0.04,0.02,0.02,14.5,26.6,245.8,
Lithuania,2022,2.75,1.29,1.46,15.3,28.5,43.9,
Luxembourg,2022,0.65,0.33,0.32,15.8,20.8,250,
Madagascar,2022,29.61,14.84,14.78,39.1,5.3,50.9,
Malawi,2022,20.41,9.92,10.48,42.6,3.8,215.8,
Malaysia,2022,33.94,17.34,16.6,22.7,11.4,103.3,
Maldives,2022,0.52,0.3,0.22,21.7,7.8,1746,
Mali,2022,22.59,11.41,11.19,47.2,3.7,18.5,
Malta,2022,0.53,0.28,0.26,13.1,25,1693,
Marshall Islands,2022,0.04,0.02,0.02,32.5,7.6,230.9,
Martinique,2022,0.37,0.17,0.2,15.9,30.6,346.7,
Mauritania,2022,4.74,2.32,2.41,41.6,5.1,4.6,
Mauritius,2022,1.3,0.64,0.66,16.3,19,640.1,
Mayotte,2022,0.33,0.15,0.17,44.2,4.6,869.6,
Mexico,2022,127.5,62.2,65.31,24.5,12.2,65.1,
Micronesia (Fed. States of),2022,0.11,0.06,0.06,30.3,9.8,163.1,
Moldova,2022,3.27,1.56,1.71,19.3,19.4,99.5,
Monaco,2022,0.04,0.02,0.02,13,43.7,24475.8,
Mongolia,2022,3.4,1.69,1.71,32.5,8,2.2,
Montenegro,2022,0.63,0.31,0.32,18.1,22.9,45.4,
Montserrat,2022,0,0,0,12.8,24.4,42.6,
Morocco,2022,37.46,18.85,18.61,26.6,11.9,83.9,
Mozambique,2022,32.97,16.18,16.79,43.5,4.2,41.9,
Myanmar,2022,54.18,26.96,27.22,24.6,10.8,82.9,
Namibia,2022,2.57,1.24,1.33,36.2,6.1,3.1,
Nauru,2022,0.01,0.01,0.01,38.8,4.6,633.4,
Nepal,2022,30.55,14.65,15.9,28.9,9,207.6,
Netherlands,2022,17.56,8.73,8.83,15.4,27,521.6,
New Caledonia,2022,0.29,0.14,0.15,22.2,15.8,15.9,
New Zealand,2022,5.19,2.57,2.62,18.7,22.2,19.6,
Nicaragua,2022,6.95,3.42,3.52,29.7,7.9,57.7,
Niger,2022,26.21,13.29,12.91,48.8,3.9,20.7,
Nigeria,2022,218.54,110.45,108.09,43,4.7,240,
Niue,2022,0,0,0,26.1,21,7.4,
North Macedonia,2022,2.09,1.04,1.05,16,21.3,84,
Northern Mariana Islands,2022,0.05,0.03,0.02,21.2,18.8,108.4,
Norway,2022,5.43,2.74,2.69,16.7,24.2,17.9,
Oman,2022,4.58,2.79,1.79,27,4.5,14.8,
Other non-specified areas,2022,23.89,11.83,12.07,12.6,23.7,674.8,
Pakistan,2022,235.82,118.96,116.86,36.6,6.8,305.9,
Palau,2022,0.02,0.01,0.01,21,15.6,39.2,
Panama,2022,4.41,2.2,2.2,26.1,12.7,59.4,
Papua New Guinea,2022,10.14,5.23,4.91,34.2,5.5,22.4,
Paraguay,2022,6.78,3.4,3.38,28.9,9.4,16.8,
Peru,2022,34.05,16.86,17.19,26,12,26.6,
Philippines,2022,115.56,58.68,56.88,30.3,8.6,385.2,
Poland,2022,39.86,19.3,20.56,15.2,25,130.2,
Portugal,2022,10.27,4.85,5.42,13.2,29.7,111.7,
Puerto Rico,2022,3.25,1.53,1.72,13.4,30,374.2,
Qatar,2022,2.7,1.95,0.74,15.8,3.3,232.6,
Réunion,2022,0.97,0.47,0.5,22.8,18.8,389.6,
Romania,2022,19.66,9.51,10.15,15.9,24.5,85.4,
Russian Federation,2022,144.71,67.21,77.5,17.7,22.8,8.8,
Rwanda,2022,13.78,6.74,7.04,38.5,5.2,569.1,
Saint Barthélemy,2022,0.01,0.01,0.01,13.3,16.8,498.5,
Saint Helena,2022,0.01,0,0,14.1,38.2,13.8,
Saint Kitts and Nevis,2022,0.05,0.02,0.02,19.5,16,183.3,
Saint Lucia,2022,0.18,0.09,0.09,18,14.2,292,
Saint Martin (French part),2022,0.03,0.02,0.02,21.7,17.7,599.8,
Saint Pierre and Miquelon,2022,0.01,0,0,16.9,23.8,25.5,
Saint Vincent & Grenadines,2022,0.1,0.05,0.05,21.9,16.2,266.5,
Samoa,2022,0.22,0.11,0.11,37.6,8.1,78.6,
San Marino,2022,0.03,0.02,0.02,12.7,27.8,551.8,
Sao Tome and Principe,2022,0.23,0.11,0.11,39.5,5.9,236.9,
Saudi Arabia,2022,36.41,20.98,15.43,25.9,5.3,16.9,
Senegal,2022,17.32,8.52,8.8,41.5,4.9,89.9,
Serbia,2022,7.22,3.46,3.76,14.4,27.1,94.1,
Seychelles,2022,0.11,0.06,0.05,23.1,13.1,234.4,
Sierra Leone,2022,8.61,4.31,4.29,39,5.1,120,
Singapore,2022,5.98,3.13,2.85,11.8,23,8749.2,
Sint Maarten (Dutch part),2022,0.04,0.02,0.02,11,19.7,1299.3,
Slovakia,2022,5.64,2.76,2.89,15.7,23.1,115.1,
Slovenia,2022,2.12,1.07,1.05,15.1,27.7,105.3,
Solomon Islands,2022,0.72,0.37,0.35,39.1,5.5,25.2,
Somalia,2022,17.6,8.82,8.78,47.2,4.1,28.1,
South Africa,2022,59.89,29.17,30.73,28.6,8.7,49.1,
South Sudan,2022,10.91,5.4,5.51,43.9,4.8,19.3,
Spain,2022,47.56,23.31,24.25,13.8,26.8,94.7,
Sri Lanka,2022,21.83,10.51,11.32,22.8,16.7,348.2,
State of Palestine,2022,5.25,2.62,2.63,38.8,5.5,872.1,
Sudan,2022,46.87,23.42,23.45,40.9,5.5,26.6,
Suriname,2022,0.62,0.31,0.31,26.2,11.4,4,
Sweden,2022,10.55,5.32,5.23,17.6,25.7,25.9,
Switzerland,2022,8.74,4.34,4.4,15,25.7,218.6,
Syria,2022,22.13,11.08,11.05,31.4,7.2,120.4,
Tajikistan,2022,9.95,5.01,4.94,36.3,6.2,69.6,
Tanzania,2022,65.5,32.37,33.13,43.4,4.7,73.9,
Thailand,2022,71.7,34.81,36.89,15.5,22,140.3,
Timor-Leste,2022,1.34,0.68,0.66,34.7,7.3,90.2,
Togo,2022,8.85,4.45,4.4,40,5.1,162.7,
Tokelau,2022,0,0,0,28.5,12.9,155.9,
Tonga,2022,0.11,0.05,0.05,34.3,9,164.4,
Trinidad and Tobago,2022,1.53,0.76,0.78,19,17.2,298.4,
Tunisia,2022,12.36,6.1,6.26,24.8,13.7,79.5,
Turkiye,2022,85.34,42.76,42.58,23.2,12.7,110.9,
Turkmenistan,2022,6.43,3.19,3.24,31.1,8.8,13.7,
Turks and Caicos Islands,2022,0.05,0.02,0.02,16.7,15.6,48.1,
Tuvalu,2022,0.01,0.01,0.01,31.7,11.1,377.1,
Uganda,2022,47.25,23.4,23.85,44.8,2.9,236.5,
Ukraine,2022,39.7,18.23,21.47,15.4,26.5,68.5,
United Arab Emirates,2022,9.44,6.55,2.89,15.2,3.5,132.9,
United Kingdom,2022,67.51,33.36,34.15,17.5,25.2,278.1,
United States,2022,338.29,167.5,170.79,18,23.4,37,
Uruguay,2022,3.42,1.66,1.76,19.1,20.8,19.8,
Uzbekistan,2022,34.63,17.33,17.3,30.2,8.6,81.4,
Vanuatu,2022,0.33,0.16,0.16,39.4,5.8,26.8,
Venezuela,2022,28.3,14,14.3,27.6,12.9,30.9,
Vietnam,2022,98.19,48.5,49.69,22.4,13.8,313.3,
Virgin Islands,2022,0.1,0.05,0.05,19.2,27.7,284.2,
Wallis and Futuna Islands,2022,0.01,0.01,0.01,22.7,19.1,82.7,
Western Sahara,2022,0.58,0.32,0.26,24.3,9.4,2.2,
Yemen,2022,33.7,17.02,16.67,39.5,4.1,63.8,
Zambia,2022,20.02,9.88,10.14,42.9,3,26.9,
Zimbabwe,2022,16.32,7.71,8.61,40.6,4.8,42.2,